Wavelength (nm),Reference 1,Scan_ID 1,Scan_ID 2,Scan_ID 3,Scan_ID 4,Scan_ID 5,Scan_ID 6,Scan_ID 7,Scan_ID 8,Scan_ID 9,Scan_ID 10,Scan_ID 11,Scan_ID 12,Scan_ID 13,Scan_ID 14,Scan_ID 15,Scan_ID 16,Scan_ID 17,Scan_ID 18,Scan_ID 19,Scan_ID 20,Scan_ID 21,Scan_ID 22,Scan_ID 23,Scan_ID 24,Scan_ID 25,Scan_ID 26
311.3714083160095,1486.0,1564.5,1427.0,1507.0,1496.0,1143.0,1069.5,1277.0,1020.0,956.0,765.5,971.0,876.5,728.0,466.0,505.5,498.0,421.0,624.0,763.5,852.0,408.0,524.0,391.5,468.0,419.0,516.5
314.08175838575823,2054.0,2252.0,2111.0,2123.5,2296.0,1603.5,1679.0,1709.0,1355.0,1197.0,1293.5,1160.0,1198.0,1088.0,588.5,730.5,675.0,456.0,959.0,957.5,1136.5,627.0,572.5,590.5,659.0,567.0,652.5
316.7889009055516,3399.0,3644.0,3587.0,3598.5,3920.0,2545.0,2536.5,2592.5,1819.5,1609.0,1832.5,1678.0,1682.0,1556.5,910.5,946.5,897.5,517.5,1501.5,1518.0,1481.5,966.5,720.0,661.5,928.5,828.0,950.5
319.4928136168536,5579.0,6121.0,6037.5,6111.0,6363.0,3878.5,3907.0,3986.5,2643.0,2675.0,2618.0,2489.0,2320.5,2333.5,1254.0,1284.0,1306.0,542.5,2284.5,2280.0,2083.0,1256.0,994.0,941.5,1110.5,997.0,1169.5
322.193474106527,9352.0,9992.0,10089.5,9880.5,10293.0,5840.0,6012.0,6144.0,4219.5,4318.0,3996.0,3539.0,3372.0,3569.5,1700.5,1813.0,1903.5,600.0,3296.5,3282.5,3133.0,1555.5,1486.0,1429.5,1430.5,1329.0,1415.0
324.89085980707335,15099.0,15772.0,16052.0,15584.5,16220.5,8864.5,9005.0,9173.5,6368.0,6168.5,5844.0,5320.0,5041.0,5153.5,2497.0,2700.5,2620.0,584.0,4477.0,4598.5,4441.5,2037.5,2080.5,2055.0,1819.0,1957.0,1899.0
327.584947996873,22407.0,22882.0,23474.0,22900.0,23649.5,12741.5,12501.5,12693.0,8954.0,8508.5,8408.0,7189.0,7038.0,7057.0,3383.5,3560.5,3455.0,681.5,5944.0,5881.5,5570.0,2685.0,2658.0,2770.5,2274.0,2347.0,2440.5
330.2757158004244,31210.0,31461.5,32016.0,31312.0,32627.0,17047.0,16632.5,16851.0,12207.5,11710.5,11572.5,9222.0,9437.0,9181.0,4382.0,4419.5,4538.5,902.0,7423.5,7381.5,7199.5,3432.0,3457.0,3474.5,2904.0,2802.5,2890.5
332.96314018858544,41208.0,41057.0,41895.5,40953.5,42596.5,21684.5,21508.5,21663.0,15700.0,15522.0,15317.0,11769.5,11967.5,11601.5,5748.0,5630.0,5771.0,1040.0,9008.0,9051.0,9084.5,4395.5,4275.5,4357.0,3504.0,3447.0,3440.5
335.64719797881236,51218.0,50702.0,51956.0,51037.0,52461.0,26215.0,26070.0,26213.0,19218.0,19412.0,19081.0,14042.0,14328.0,14181.0,6806.0,6787.5,6749.0,945.0,10504.0,10444.0,10566.0,5417.0,4986.0,5244.0,4031.0,4084.0,4049.0
338.3278658354001,59914.0,59689.5,60156.5,59835.5,60558.5,30777.0,30406.0,30709.0,22678.0,23040.0,22491.0,16193.0,16760.0,16570.0,7702.0,7883.5,7730.0,767.0,11701.0,11793.0,11977.0,6097.0,5719.0,5929.0,4419.0,4403.0,4449.0
341.00512026972245,63954.0,63907.0,63845.0,63765.0,63896.0,35353.0,35089.0,35174.0,26361.0,26516.0,26036.0,18605.0,18978.0,18927.0,8664.0,8774.0,8786.0,609.0,13227.5,13326.5,13588.0,6708.0,6342.0,6665.0,4619.0,4657.0,4781.0
343.6789376404716,64006.0,63860.0,63927.0,63838.0,63899.0,39721.0,39646.0,39566.0,29805.0,29795.5,29529.0,21081.0,21059.5,21165.0,9881.0,9641.0,9633.0,415.5,14819.5,14943.5,14942.5,7419.0,6967.5,7467.0,5021.0,5216.0,5355.5
346.3492941538988,63977.0,63773.0,63903.0,63773.0,63758.0,43765.0,43466.0,43533.0,32776.0,32788.5,32477.0,23004.0,22988.5,22864.0,10842.0,10596.0,10692.0,412.5,16118.0,16227.0,16039.5,8061.0,7660.5,7994.0,5583.0,5736.0,5767.0
349.0161658640538,64097.0,63964.0,64001.0,63931.0,63941.0,46505.0,45881.0,46057.0,34969.0,34879.0,34541.0,24239.0,24183.0,24037.0,11177.0,11154.5,11490.0,291.0,17094.0,16982.0,16944.0,8591.5,8212.5,8352.5,5830.0,5901.0,5893.5
351.67952867302506,63916.0,63955.0,63869.0,63879.0,63993.0,48150.0,47353.0,48008.0,36593.5,36470.0,36061.0,25325.0,25369.5,25184.0,11777.0,11667.0,11775.0,18.0,17764.5,17507.5,17449.0,8895.0,8475.5,8712.5,5936.0,5856.0,6123.5
354.3393583311798,63843.0,63891.0,63856.0,63840.0,63881.0,50139.0,49300.0,50514.0,38702.5,38294.0,38108.0,26664.5,26780.5,26643.5,12321.0,12412.5,12309.5,1.0,18478.0,18357.0,18244.0,9193.0,9013.0,9306.0,6217.0,6192.0,6451.5
356.99563043740403,63983.0,63944.0,63996.0,64019.0,64020.0,53274.5,52495.0,53763.0,41273.0,40698.0,40786.0,28336.5,28543.5,28456.5,12881.0,13297.0,13104.5,25.5,19691.5,19514.5,19682.5,9832.5,9800.0,9859.0,6631.0,6711.5,6920.0
359.64832043934217,64023.0,63877.0,63920.0,63885.0,63985.0,56329.5,55777.0,56741.0,43800.0,43264.0,43041.5,29870.0,30160.0,30392.0,13576.5,14061.5,13748.0,6.5,20859.5,20772.0,21136.5,10385.0,10325.5,10319.5,6925.5,7149.5,7193.5
362.29740363363766,64121.0,63976.0,64021.0,63933.0,64026.0,56932.0,56324.5,56843.0,44245.5,43368.5,43222.5,30077.0,30297.5,30593.5,13745.0,14233.5,13898.5,1.0,20930.5,21025.0,21339.5,10302.0,10257.5,10452.5,6966.0,7093.0,7139.0
364.94285516617225,64008.0,64004.0,64066.0,63987.0,64114.0,54146.5,53598.5,53710.5,41785.0,41104.5,40965.0,28305.0,28729.0,28622.5,13136.0,13359.0,13121.5,1.0,19987.5,19841.5,20231.5,9839.5,9662.5,9873.5,6633.5,6653.5,6725.5
367.58465003230697,63845.0,63876.0,63948.0,63891.0,64019.0,49432.0,49044.0,49389.0,38177.5,38154.0,37762.0,25850.5,26288.5,26389.0,11916.5,11864.5,12008.5,1.0,18526.0,18224.5,18736.5,9079.5,8909.5,9089.5,6018.5,6226.5,6210.0
370.22276307712116,63884.0,63875.0,63948.0,63899.0,63899.0,46034.0,45563.5,45984.0,35843.0,35821.0,35520.0,24612.5,24771.0,24990.5,11131.0,11250.0,11186.0,1.0,17238.5,17171.5,17551.0,8377.0,8253.5,8570.0,5520.0,5758.0,5784.5
372.8571689956528,63952.0,63872.0,63928.0,63865.0,63796.0,46394.5,45531.5,45913.0,36462.0,36256.0,36070.5,25232.5,25389.5,25424.0,11418.5,11489.5,11317.5,1.0,17262.5,17384.5,17427.0,8615.5,8366.5,8549.5,5556.5,5786.5,5703.0
375.4878423331387,63942.0,63957.0,64012.0,63930.0,63877.0,49975.0,49026.0,49346.5,39024.0,38922.0,38896.0,27157.5,27457.0,27347.5,12356.5,12189.0,12397.0,1.0,18713.0,18950.5,18801.5,9472.5,9080.0,9187.0,6088.5,6121.0,6187.5
378.1147574852545,63877.0,64007.0,64028.0,63950.0,63955.0,54065.0,52880.5,53661.0,42267.0,42025.5,41929.5,29636.0,29775.0,29584.5,13344.0,13301.0,13223.5,1.0,20621.5,20615.0,20886.0,10058.5,9770.5,9866.0,6811.5,6556.0,6641.5
380.7378886983542,63854.0,63857.0,63819.0,63792.0,63782.0,57541.5,56605.0,57712.5,45882.5,45347.5,45070.0,32144.5,32102.0,32110.0,14175.5,14288.0,14108.0,1.0,22436.5,22003.0,22581.5,10722.5,10512.5,10509.5,7359.0,7082.5,7070.5
383.3572100697109,63911.0,63864.0,63860.0,63857.0,63795.0,61313.0,60787.0,61768.5,49375.5,49060.0,49010.5,34403.5,34976.5,34833.5,15232.0,15203.0,15449.5,1.0,24144.0,23881.5,24273.0,11647.0,11355.0,11403.5,7638.5,7730.0,7574.0
385.9726955477562,63872.0,63940.0,63987.0,63992.0,63952.0,63716.0,63260.0,63965.5,53257.0,53388.0,53027.5,37312.0,38176.0,38038.0,16809.5,16608.5,16634.0,1.0,26393.5,26265.0,26559.5,12577.5,12154.5,12429.0,8174.5,8449.0,8264.5
388.5843189323203,63859.0,63879.0,63887.0,63879.0,63860.0,63843.0,63868.0,63924.0,58229.0,58435.5,57883.5,41070.0,41636.5,41876.5,18334.0,18325.5,18036.5,1.0,29102.0,29024.5,29224.0,13783.5,13126.5,13795.0,8911.5,8940.5,8963.0
391.19205387487244,64039.0,64004.0,63932.0,63909.0,63894.0,63881.0,63967.0,63978.0,62517.5,62663.0,62495.0,44307.0,45208.0,44946.0,19572.5,19686.0,19419.0,1.0,31535.0,31252.0,31786.0,14967.5,14434.0,14883.0,9428.5,9368.0,9592.5
393.7958738787601,63888.0,63862.0,63906.0,63891.0,63911.0,63908.0,63934.0,63970.0,63953.0,64036.0,63876.0,46376.5,47220.5,46953.5,20473.5,20442.0,20248.5,1.0,33019.5,32599.5,33454.0,15427.0,15077.5,15247.0,9946.5,9943.5,10178.0
396.3957522994497,63763.0,63730.0,63862.0,63869.0,63808.0,63825.0,63897.0,63891.0,63911.0,63921.0,63787.0,47246.0,47748.5,47876.5,20987.0,20675.0,20692.5,1.0,33614.5,33407.0,33843.5,15280.5,15233.0,15451.5,10213.0,10254.5,10248.5
398.99166234476667,64051.0,64093.0,64050.0,63988.0,63947.0,63899.0,64088.0,64000.0,64049.0,64020.0,63981.0,46531.5,47369.0,47332.5,20882.0,20280.0,20449.5,50.0,33562.0,33033.0,33721.5,15295.5,15239.0,15309.5,10087.5,10145.5,10320.5
401.5835770751346,63950.0,63945.0,63894.0,63781.0,63839.0,63772.0,63929.0,63731.0,63989.0,63893.0,63875.0,46019.0,47109.5,46564.0,20302.0,20164.5,19924.0,1.0,33167.5,32514.0,33496.5,15657.0,14801.5,15124.0,9972.5,10082.5,10347.5
404.17146940381593,63791.0,63821.0,63862.0,63771.0,63819.0,63808.0,63901.0,63655.0,63876.0,63793.0,63828.0,46272.5,47249.0,46672.5,20181.0,20089.5,20005.5,1.0,32817.0,32493.5,33361.0,15565.5,14681.0,15279.0,9878.5,10100.0,10108.0
406.755312097152,63896.0,63977.0,64037.0,63988.0,64030.0,63984.0,64054.0,63832.0,63973.5,63955.0,63667.5,45728.0,46812.5,46603.0,20051.5,19808.5,20151.5,1.0,32417.5,32233.5,33303.0,15151.0,14680.0,15155.0,9604.0,9989.5,9782.5
409.3350777748028,63823.0,63860.0,63927.0,63904.0,63939.0,63945.0,63929.0,63867.0,63514.0,63430.5,62780.5,45197.5,45930.0,46035.0,19590.0,19787.0,19392.5,1.0,31896.0,31650.0,32728.5,14987.5,14475.5,14816.5,9496.0,9695.0,9623.5
411.91073890998695,63981.0,63979.0,63975.0,63963.0,64096.0,64056.0,64033.0,63998.0,62139.0,62388.5,61537.0,44416.5,45226.0,45500.5,19217.5,19155.0,18797.5,61.5,31455.0,30780.0,32018.0,14746.0,14308.0,14430.5,9390.5,9507.0,9503.0
414.4822678297216,63960.0,63999.0,63955.0,63900.0,64081.0,64011.0,64020.0,64005.0,61770.5,62292.0,61564.5,44323.5,45807.0,45545.0,19239.5,19075.5,18846.5,1.0,31603.0,30817.5,31705.5,14680.5,14136.5,14498.0,9344.5,9586.5,9436.5
417.049636715063,63777.0,63823.0,63788.0,63808.0,63794.0,63828.0,63819.0,63860.0,63077.0,63177.0,63002.5,46121.5,47831.5,47072.5,19781.5,19947.0,19654.5,64.0,32512.5,32039.0,32784.5,15217.5,14652.0,14925.0,9608.0,9933.5,9970.0
419.6128176013458,63889.0,63832.0,63813.0,63868.0,63745.0,63869.0,63919.0,63739.0,63884.0,63766.0,63779.0,49063.0,50514.0,50211.0,20968.5,21400.5,20985.0,1.0,34544.5,33867.5,35081.0,16076.0,15617.5,15642.5,10001.0,10488.0,10666.0
422.1717823784235,63826.0,63816.0,63777.0,63778.0,63740.0,63765.0,63896.0,63737.0,63824.0,63792.0,63757.0,52576.0,53849.5,53807.0,22431.0,22759.5,22116.5,1.0,36887.0,36109.0,37116.5,17016.5,16435.0,16634.0,10805.0,11091.5,11290.5
424.7265027909081,63929.0,63865.0,63947.0,63993.0,63943.0,63844.0,63957.0,64048.0,63985.0,63950.0,63848.0,54984.5,56314.0,55913.5,23354.5,23392.0,23136.5,1.0,38407.5,37631.0,38708.5,17757.0,17159.0,17257.5,11510.0,11375.5,11644.0
427.27695043841055,63992.0,63949.0,64082.0,64152.0,64042.0,63980.0,63994.0,64131.0,64094.0,64101.0,63967.0,54962.0,55924.5,55814.0,23318.0,23289.5,23373.5,1.0,38229.0,37900.5,38770.0,17804.5,16962.0,17183.0,11526.0,11410.5,11523.0
429.82309677578036,63789.0,63738.0,63858.0,63895.0,63757.0,63821.0,63856.0,63892.0,63790.0,63900.0,63823.0,53720.5,54460.0,54604.5,22678.0,22794.5,22884.5,1.0,37126.0,37090.0,38077.5,17370.0,16489.5,16919.5,11103.5,11296.0,11350.5
432.3649131133457,63933.0,63754.0,63864.0,63857.0,63804.0,63809.0,63956.0,63914.0,63829.0,63889.0,63859.0,52435.0,53565.5,53364.5,22433.5,22337.5,22184.0,0.5,36585.5,36220.0,37597.5,16941.5,16439.0,16419.5,10855.0,10960.5,11204.0
434.9023706171538,63961.0,63749.0,63870.0,63809.0,63837.0,63733.0,63925.0,63871.0,63858.0,63827.0,63712.0,52691.5,53838.5,53429.0,22660.5,22303.0,22052.0,1.0,36832.5,36482.5,37509.0,16970.0,16344.5,16233.5,10875.0,10944.0,11065.5
437.43544030921004,63853.0,63759.0,63881.0,63803.0,63825.0,63800.0,63920.0,63840.0,63881.0,63803.0,63642.0,54809.0,55963.0,55713.5,23498.0,23491.0,22866.5,1.0,38412.0,37974.5,39115.5,17570.5,16735.5,17196.0,11342.0,11453.5,11347.0
439.96409306771875,63946.0,63912.0,63939.0,63939.0,64001.0,63886.0,64020.0,64005.0,63994.0,63873.0,63835.0,57765.5,58895.5,58965.0,24737.0,24944.5,24398.0,1.0,41158.0,40388.0,41403.5,18549.0,17748.0,18256.5,12149.0,12102.0,12104.5
442.48829962732304,63829.0,63736.0,63855.0,63829.0,63905.0,63694.0,63904.0,63917.0,63786.0,63808.0,63755.0,61401.5,62096.5,62192.0,26116.0,26134.0,25906.0,1.0,44004.5,43083.5,44086.0,19616.0,18865.0,19093.5,12870.0,12735.5,12911.0
445.0080305793449,63885.0,63783.0,63851.0,63865.0,63832.0,63786.0,63844.0,63946.0,63821.0,63896.0,63778.0,63562.5,63866.0,63847.0,27536.5,27551.5,27012.5,1.0,46725.0,45925.0,47021.5,20944.5,20162.5,20132.5,13748.5,13567.5,13631.5
447.5232563720243,64000.0,63839.0,63911.0,63941.0,63913.0,63891.0,63862.0,64021.0,64016.0,63920.0,63844.0,63927.0,63933.0,63901.0,28872.0,28839.0,28127.5,1.0,48983.0,48116.5,49246.5,22028.0,21166.5,21226.0,14283.5,14462.0,14276.5
450.033947310761,63934.0,63803.0,63992.0,63876.0,63973.0,63854.0,63829.0,63872.0,63924.0,63864.0,63832.0,63972.0,63896.0,63780.0,29795.5,29213.5,28938.0,1.0,50592.5,49605.0,51059.0,22303.5,21481.0,22041.0,14778.5,14888.0,14840.0
452.5400735583523,63948.0,63903.0,63981.0,63881.0,63916.0,63883.0,63879.0,63908.0,63917.0,63956.0,63900.0,63995.0,63978.0,63840.0,29660.0,29137.5,29399.0,1.0,51261.0,50049.5,52032.5,22548.0,21592.5,22321.5,15118.0,15136.0,15024.5
455.04160513523505,63876.0,63812.0,63898.0,63839.0,63817.0,63761.0,63800.0,63943.0,63932.0,63901.0,63868.0,63923.0,63982.0,63851.0,29575.5,29403.5,29523.5,1.0,51413.5,50445.5,52429.0,22871.5,22028.5,22341.0,15008.5,15294.5,15177.5
457.5385119197244,63865.0,63766.0,63796.0,63813.0,63710.0,63729.0,63679.0,63873.0,63781.0,63705.0,63756.0,63824.0,63824.0,63747.0,30300.0,30122.5,29785.0,1.0,52496.0,51656.5,53614.5,23312.5,22752.0,22689.0,15468.0,15431.5,15645.0
460.0307636482544,63954.0,63874.0,63883.0,63828.0,63786.0,63833.0,63884.0,63953.0,63780.0,63785.0,63857.0,63852.0,63917.0,63838.0,30675.0,30554.0,30332.0,1.0,53131.0,51723.0,54025.0,23728.0,23199.5,23198.0,15841.0,15809.0,15909.5
462.51832991561764,63827.0,63846.0,63959.0,63865.0,63922.0,63826.0,63921.0,63935.0,63867.0,63858.0,63836.0,63907.0,63865.0,63908.0,30359.5,30257.0,30233.5,1.0,52773.5,51162.5,53346.5,23501.0,22848.5,23213.0,15469.5,15874.0,15903.5
465.0011801752056,63836.0,63887.0,63945.0,63935.0,63901.0,63880.0,63833.0,63855.0,63957.0,63884.0,63873.0,63934.0,63864.0,63904.0,29529.0,29503.5,29346.0,1.0,51424.0,50136.5,52165.5,23124.0,22160.0,22572.0,15111.0,15591.0,15480.5
467.4792837392483,64026.0,63948.0,64018.0,63887.0,63881.0,63903.0,63856.0,63803.0,63933.0,63996.0,63995.0,63964.0,63987.0,63924.0,28087.5,27875.5,27874.5,1.0,48603.5,47735.5,49553.0,22228.0,21469.0,21480.0,14778.5,15012.5,14818.5
469.9526097790544,63833.0,63711.0,63853.0,63727.0,63796.0,63711.0,63749.0,63718.0,63732.0,63823.0,63736.0,63436.0,63784.0,63377.0,26418.0,26297.0,26375.5,6.5,45954.0,45332.5,46839.5,20876.0,20357.5,20487.0,14031.0,14016.5,14266.5
472.42112732525146,63788.0,63764.0,63892.0,63751.0,63933.0,63733.0,63849.0,63904.0,63828.0,63780.0,63811.0,61701.5,63043.5,62492.5,25239.0,25481.5,25333.0,36.0,43996.5,43711.5,45073.5,20087.5,19415.5,19732.5,13387.0,13416.0,13829.0
474.8848052680257,63822.0,63821.0,63901.0,63835.0,63840.0,63768.0,63834.0,63928.0,63847.0,63805.0,63983.0,60143.0,61677.5,61403.0,24837.0,24922.0,24861.0,0.0,42770.0,42732.5,43957.0,19592.5,18977.0,19141.5,13003.5,13438.0,13223.0
477.34361235736174,63840.0,63732.0,63815.0,63832.0,63726.0,63797.0,63800.0,63813.0,63741.0,63829.0,63851.0,60764.5,62101.5,61923.5,25197.5,25224.0,25034.0,7.0,43427.5,42870.5,44108.5,19676.0,19147.0,19350.0,13136.0,13539.5,13174.5
479.7975172032836,64085.0,63996.0,64036.0,63934.0,63949.0,63984.0,64056.0,64035.0,63879.0,64007.0,63896.0,62858.0,63756.5,63614.0,26740.5,26750.5,26420.5,31.0,46256.0,45424.5,46570.5,20744.0,20291.5,20397.5,13845.5,14118.0,14072.5
482.24648827609315,63837.0,63930.0,63821.0,63832.0,63793.0,63755.0,63936.0,63848.0,63655.0,63754.0,63788.0,63845.0,63850.0,63850.0,28945.0,28872.0,28710.0,35.0,49988.5,49150.0,50902.0,22557.5,21996.0,21993.5,15111.0,15220.5,15366.0
484.6904939066116,63720.0,63823.0,63784.0,63893.0,63891.0,63743.0,63864.0,63735.0,63696.0,63591.0,63756.0,63872.0,63740.0,63760.0,30840.5,30589.0,30374.5,15.0,52733.0,51861.5,54069.5,24263.0,23314.5,23571.5,16488.5,16222.0,16518.0
487.12950228641853,63937.0,63996.0,64059.0,64119.0,64101.0,63991.0,64052.0,64007.0,64006.0,63801.0,63962.0,64101.0,63951.0,63900.0,31329.5,31103.5,30990.0,1.0,53629.5,52912.0,54536.5,24991.0,23870.0,24207.0,16965.0,16830.0,16782.5
489.56348146809233,63823.0,63816.0,63772.0,63905.0,63865.0,63823.0,63904.0,63857.0,63889.0,63757.0,63786.0,63968.0,63792.0,63796.0,29861.5,29612.0,29816.5,1.0,51151.5,50273.5,51843.5,23977.5,22874.0,23143.5,16203.5,16168.0,15987.0
491.9923993654502,63900.0,63788.0,63816.0,63834.0,63860.0,63916.0,63888.0,63857.0,63942.0,63850.0,63864.0,61913.0,62610.0,62950.0,26658.5,26365.5,26648.5,1.0,45474.5,44602.0,46647.0,21681.5,20480.5,20760.0,14672.0,14334.5,14475.5
494.4162237537878,63956.0,63899.0,63896.0,63871.0,63800.0,63903.0,63904.0,63859.0,63939.0,63866.0,63917.0,56214.0,57774.5,57960.5,23125.0,22908.0,23039.5,1.0,39715.0,38899.0,40795.5,18800.0,17894.0,18137.5,12728.5,12473.5,12712.5
496.8349222701196,63919.0,63799.0,63776.0,63826.0,63677.0,63756.0,63819.0,63807.0,63068.5,62824.5,62386.0,49284.5,50502.5,50507.0,20154.5,19966.5,20100.5,1.0,34892.5,33849.0,35469.0,16072.5,15459.0,15827.0,11025.0,10920.0,11005.0
499.2484624134188,64041.0,63916.0,63956.0,63900.0,63891.0,64032.0,63938.0,63971.0,58832.5,58728.5,57882.5,43551.0,44621.0,44760.5,17788.0,17773.5,17652.5,1.0,30920.0,29863.5,31196.5,14201.0,13598.0,14147.5,9907.0,9743.5,9821.5
501.6568115448574,63997.0,63911.0,63960.0,63794.0,63828.0,63128.5,62838.5,63040.0,53671.0,53473.0,52903.0,39906.5,41070.0,40883.0,16287.5,16268.0,16005.5,1.0,28106.5,27515.0,28363.0,12940.0,12500.5,12866.0,8928.0,8884.5,9156.0
504.05993688804597,63963.0,63924.0,63925.0,63810.0,63847.0,60979.5,60600.0,60864.5,51115.5,50759.5,50325.5,38260.5,39091.0,38812.5,15417.0,15405.0,15181.5,1.0,26688.0,26255.5,27208.5,12421.5,11744.5,11931.5,8230.5,8325.5,8481.5
506.4578055292736,63956.0,63944.0,63880.0,63821.0,63965.0,58787.0,58607.5,58760.5,49121.0,49157.5,48673.0,36738.0,37795.0,37660.0,14911.5,14887.5,14626.0,48.5,25945.0,25476.0,26361.0,12035.5,11184.0,11388.0,8003.0,8027.0,7861.5
508.8503844177486,63892.0,63803.0,63731.0,63735.0,63803.0,57847.5,57627.5,57771.0,48230.5,48130.5,47550.0,36241.5,37325.5,37136.5,14715.0,14433.0,14489.5,17.0,25421.0,25047.5,25869.5,11543.0,10943.5,11208.5,8063.0,7873.5,7747.5
511.2376403658374,63999.0,63801.0,63799.0,63828.0,63885.0,58191.5,57904.0,58069.5,48453.0,48426.0,47598.0,36716.5,37507.0,37254.5,14779.5,14566.0,14523.5,1.0,25465.0,25191.5,25887.5,11596.5,11126.0,11304.5,8097.5,7847.0,7876.0
513.6195400493054,63933.0,63741.0,63743.0,63786.0,63832.0,59393.5,59257.5,59176.0,49363.5,49783.5,48865.5,37307.5,38139.5,38064.5,14924.5,15028.5,14818.0,1.0,26051.5,25680.0,26436.5,12015.0,11381.5,11348.0,8273.5,7935.5,8077.5
515.9960500075572,63914.0,63735.0,63704.0,63789.0,63726.0,61052.5,61240.0,60981.5,51038.0,51199.0,50466.0,38399.0,39148.0,38894.0,15312.0,15232.0,15257.5,1.0,26663.5,26374.5,27295.0,12405.0,11751.0,11677.5,8390.0,8208.5,8345.0
518.367136643875,63985.0,63932.0,63908.0,63891.0,63857.0,62769.0,63030.0,62957.0,52602.0,52839.5,52103.5,39753.5,40539.5,40049.5,15985.5,15881.0,15972.0,37.0,27781.0,27340.0,28329.5,12851.0,12289.5,12222.5,8504.5,8504.0,8699.5
520.7327662256605,63757.0,63849.0,63863.0,63771.0,63817.0,63817.0,63864.0,63747.0,54812.5,55027.0,54431.0,41329.0,42442.5,41897.5,16649.5,16875.5,16816.5,1.0,29486.5,28581.5,29703.0,13335.5,12788.5,12729.0,9004.0,8972.0,9318.5
523.0929048846738,63903.0,63831.0,63992.0,63789.0,63927.0,63897.0,63920.0,63877.0,58191.0,58465.5,57863.5,43819.5,44924.0,44698.0,17606.5,17844.5,17639.5,1.0,31388.5,30330.0,31566.5,14090.0,13457.5,13764.0,9686.0,9633.5,9962.0
525.4475186172741,64043.0,64005.0,64077.0,63922.0,63923.0,63890.0,63976.0,64029.0,62001.0,62377.0,61596.0,46977.0,47919.5,47454.5,18940.0,18899.0,19120.5,1.0,33410.0,32229.0,33440.5,15102.5,14506.0,14937.5,10356.5,10254.0,10442.5
527.7965732846587,63887.0,63825.0,63853.0,63905.0,63744.0,63780.0,63895.0,63874.0,63875.0,63842.0,63451.5,49511.5,50770.5,50038.0,20065.5,19883.5,20091.0,1.0,34700.5,33844.5,35051.0,16117.5,15550.5,15739.5,11130.0,10796.5,10962.0
530.1400346131041,64032.0,63830.0,64002.0,64039.0,63912.0,64029.0,63992.0,63979.0,63952.0,63941.0,63875.0,50551.5,52181.0,52073.5,20642.0,20526.5,20317.5,1.0,35285.5,34688.0,36089.0,16705.5,16104.0,16112.0,11577.0,11171.5,11376.5
532.4778681942053,64045.0,63957.0,64073.0,63972.0,63936.0,64023.0,63985.0,63964.0,63944.0,63925.0,63952.0,49834.0,51341.5,51185.5,20373.0,20177.5,20136.0,77.5,34974.5,34057.0,35237.0,16618.5,16068.5,15938.5,11442.0,11050.0,11294.5
534.8100394851159,63832.0,63945.0,63879.0,63794.0,63785.0,63828.0,63812.0,63799.0,62615.0,62290.5,61726.0,47420.0,48528.5,48411.0,19341.5,18964.0,19110.0,175.5,33070.0,32180.5,33114.0,15930.5,15039.0,15431.0,10801.5,10544.0,10643.0
537.1365138087885,63855.0,63995.0,63777.0,63866.0,63808.0,63932.0,63864.0,63894.0,59741.5,59173.5,58028.5,44399.5,45393.0,45044.5,17937.5,17870.5,17811.5,132.5,30862.5,30246.0,31198.0,14735.0,13822.5,14603.0,9819.0,10007.5,9977.5
539.4572563542139,63846.0,63825.0,63756.0,63780.0,63752.0,63864.0,63705.0,63801.0,56662.5,56035.5,54941.0,42136.5,43033.5,42392.5,16946.5,16898.5,16857.5,116.0,29335.0,28661.5,29796.5,13791.0,13188.0,13501.5,9268.0,9513.0,9333.5
541.7722321766622,63785.0,63811.0,63856.0,63765.0,63793.0,63044.0,62906.5,62877.5,54224.0,53285.0,52183.5,40380.5,41084.0,40576.0,16129.5,15959.0,16121.0,13.0,28020.5,27195.5,28488.5,13291.0,12687.5,12748.0,8885.5,9014.0,8946.0
544.081406197922,63777.0,63860.0,63877.0,63790.0,63919.0,60018.5,60078.0,60255.0,51227.0,50160.5,49505.0,38086.0,38889.5,38126.0,14984.0,15076.0,15241.5,1.0,26391.0,25637.0,26723.0,12563.5,11922.0,12023.0,8392.5,8437.5,8477.0
546.3847432065401,63675.0,63660.0,63817.0,63665.0,63818.0,55511.0,55574.0,56221.5,47341.0,46584.0,46289.5,35281.0,36164.0,35538.5,13952.5,13984.5,13964.5,1.0,24612.5,23688.5,24591.5,11637.5,11125.5,11113.5,7860.0,7899.0,7918.0
548.6822078580627,63835.0,63732.0,63818.0,63734.0,63758.0,50685.5,50854.0,50931.5,42953.0,42580.5,41981.0,31987.0,32980.5,32473.5,12804.5,12597.5,12618.0,1.0,22361.0,21309.5,22351.5,10541.0,10189.0,10261.5,7198.5,7311.0,7346.5
550.9737646752745,63876.0,63859.0,63833.0,63776.0,63840.0,46428.5,46788.5,46450.0,39045.5,38668.5,38061.5,29041.0,29921.0,29417.0,11524.0,11383.0,11586.5,1.0,20091.5,19211.0,20173.5,9524.5,9052.0,9443.0,6689.5,6609.0,6482.0
553.2593780484389,63755.0,63828.0,63858.0,63805.0,63872.0,43474.5,43788.5,43702.5,36298.0,35950.5,35350.5,27139.5,27895.0,27367.5,10788.0,10825.5,10709.5,1.0,18730.5,18185.5,18925.0,9062.0,8357.5,8650.0,6209.0,5972.5,6009.0
555.5390122355375,63923.0,63930.0,63972.0,63955.0,63969.0,41331.0,41552.0,41428.5,34212.0,34013.0,33155.5,25688.5,26362.0,25924.0,10180.0,10424.5,10184.0,1.0,17903.0,17481.5,17812.0,8666.5,7981.5,8059.5,5693.0,5627.0,5694.5
557.8126313625115,63827.0,63876.0,63907.0,63772.0,63871.0,40141.5,40082.0,40043.0,33160.0,32965.5,32115.5,24888.5,25539.5,24936.5,9742.5,10046.5,9984.5,1.0,17342.5,16800.0,17149.0,8175.0,7762.5,7976.0,5409.5,5396.5,5690.5
560.0801994235,63779.0,63814.0,63871.0,63760.0,63784.0,39387.0,39442.0,39502.5,32582.5,32576.5,31688.0,24599.5,25109.5,24643.5,9736.5,9844.5,9993.0,1.0,17020.5,16438.5,17179.0,7956.0,7771.0,7905.0,5413.5,5374.0,5678.0
562.3416802810813,63852.0,63851.0,63897.0,63831.0,63871.0,39156.5,39349.5,39543.0,32073.5,32418.0,31715.5,24429.0,24886.0,24729.5,9737.0,9755.0,9798.0,38.5,17030.0,16476.5,16986.5,7923.0,7640.5,7782.5,5473.0,5386.0,5363.5
564.5970376665123,63768.0,63816.0,63871.0,63699.0,63841.0,39580.0,39552.5,39715.0,32300.5,32684.5,32261.5,24378.0,25279.5,24862.0,9884.0,9831.0,9740.5,65.0,17194.5,16604.0,17214.5,7957.5,7571.0,7775.0,5615.0,5315.5,5273.5
566.8462351799682,63828.0,63901.0,63984.0,63848.0,63925.0,40331.0,40049.0,40225.5,33117.0,33233.5,32594.0,24791.5,25488.0,25251.5,10078.0,9872.5,9983.5,47.0,17429.5,16855.5,17538.0,8133.5,7787.5,7830.5,5747.0,5441.5,5524.0
569.0892362907836,63762.0,63769.0,63800.0,63832.0,63825.0,40548.5,40427.5,40783.5,33403.5,33447.5,32897.0,25216.0,25553.0,25607.5,10104.0,9889.0,9892.5,95.0,17696.5,17075.0,17532.5,8177.5,7831.0,7955.5,5699.5,5498.5,5568.5
571.3260043376913,63797.0,63718.0,63729.0,63784.0,63755.0,40399.5,40386.0,40600.5,33195.5,33263.5,33004.5,25052.5,25485.0,25441.0,9986.5,9928.0,9852.5,23.0,17676.5,16924.5,17443.0,8014.5,7799.5,7874.0,5667.0,5412.5,5515.5
573.5565025290629,64039.0,63923.0,63961.0,63992.0,63941.0,39928.5,40068.0,39894.5,32888.5,32768.5,32588.0,24497.0,25182.5,24755.5,9827.5,9804.5,9793.0,1.0,17342.5,16557.0,17317.0,7852.5,7731.0,7688.5,5650.5,5579.0,5451.0
575.7806939431488,63983.0,63845.0,63828.0,63885.0,63865.0,38924.5,38971.5,38691.0,32155.0,31928.0,31853.5,23774.5,24633.0,24070.5,9531.0,9615.0,9619.5,1.0,16875.5,16278.5,16950.5,7773.5,7461.5,7522.0,5353.0,5538.5,5392.5
577.9985415283179,63966.0,63892.0,63848.0,63844.0,63884.0,37486.5,37162.0,37263.5,30881.5,30798.0,30638.5,22889.0,23756.5,23263.0,9146.5,9413.5,9273.5,1.0,16118.0,15901.5,16078.0,7539.5,7069.0,7131.0,5041.5,5160.5,5387.0
580.2100081032985,63924.0,63974.0,63986.0,63882.0,63948.0,35787.0,35953.5,35848.0,29648.5,29435.0,29130.5,22323.0,22742.0,22413.5,8793.5,8965.0,8789.0,1.0,15511.0,14901.0,15435.5,7136.0,6891.5,6711.0,4908.0,4963.0,5212.0
582.4150563574163,63656.0,63735.0,63738.0,63661.0,63675.0,34612.5,34795.0,34541.5,28764.5,28412.5,28096.0,21723.5,22111.5,21596.5,8577.0,8385.0,8463.0,1.0,14958.0,14113.5,15047.5,6989.5,6773.0,6502.0,4821.5,4835.0,4890.0
584.613648850837,63320.0,63819.0,63733.0,63828.0,63726.0,34124.0,33990.5,33808.0,28184.5,28066.0,27450.5,21138.0,21869.0,21161.0,8429.5,8248.5,8140.5,1.0,14553.5,14025.0,14625.5,6830.5,6597.5,6603.5,4759.5,4763.5,4654.0
586.805748014804,63108.0,63841.0,63821.0,63825.0,63788.0,34260.5,33914.0,33735.5,28007.0,27764.5,27387.5,20797.0,21841.5,21261.0,8374.5,8300.0,8094.0,1.0,14586.0,14108.0,14478.5,6846.0,6603.5,6672.5,4613.0,4729.0,4675.0
588.9913161518801,63396.0,63670.0,63764.0,63636.0,63711.0,34629.0,34165.0,34440.5,28069.5,27732.0,27751.0,21003.5,22119.0,21409.5,8520.5,8412.5,8354.0,1.0,14757.5,14396.0,14685.0,6844.0,6714.0,6660.5,4746.0,4693.5,4704.0
591.1703154361868,63715.0,63753.0,63868.0,63821.0,63853.0,34859.5,35106.5,35043.5,28475.5,28136.0,28297.5,21820.0,22323.5,21881.5,8699.0,8741.0,8560.5,47.0,14934.0,14717.0,15118.5,6770.5,6731.0,6870.0,4881.0,4770.0,4845.5
593.3427079136435,63671.0,63684.0,63752.0,63818.0,63759.0,35191.0,35853.0,35186.0,28874.5,28498.5,28663.0,22221.5,22705.5,22489.0,8832.5,8785.5,8629.5,103.5,15141.5,14850.5,15249.0,6933.5,6683.5,7039.0,4798.0,4846.5,5050.5
595.5084555022092,63705.0,63728.0,63756.0,63771.0,63808.0,35571.5,36075.0,35602.5,29207.5,29111.0,28960.5,22410.0,23235.5,22795.5,8994.0,8814.0,8786.0,1.0,15362.5,14804.5,15272.5,7171.0,6824.0,6969.5,4809.5,4985.5,5084.5
597.6675199921212,63902.0,63867.0,63892.0,63925.0,64012.0,35444.5,35878.5,35808.5,29151.0,29225.5,28968.0,22398.5,22936.0,22715.0,9148.5,8819.0,9016.0,1.0,15298.0,14761.5,15347.0,7160.5,6874.0,7067.5,4933.5,5048.5,4960.5
599.8198630461358,63872.0,63875.0,63840.0,63892.0,63970.0,35585.0,35663.0,35829.0,29209.5,29139.0,28873.0,22340.0,22938.5,22709.0,8972.5,8777.0,8973.0,1.0,15147.5,14908.0,15301.0,7018.5,6833.5,7024.5,5000.5,4954.5,4976.5
601.9654461997673,63864.0,63877.0,63796.0,63841.0,63924.0,35704.0,35696.5,35918.0,29855.5,29204.0,29283.5,22503.0,23249.0,22873.0,8734.0,8868.5,8678.5,1.0,15190.0,15045.0,15382.0,7321.5,6875.0,7053.5,5180.5,4906.0,5177.0
604.1042308615296,63865.0,63753.0,63749.0,63811.0,63789.0,35348.0,35537.5,35515.5,29716.0,29086.5,29296.0,22488.5,23052.5,22713.5,8730.0,8864.0,8616.5,1.0,15150.5,14829.0,15402.5,7442.0,6843.5,7176.0,5163.0,4995.0,5248.5
606.2361783131747,63796.0,63659.0,63728.0,63680.0,63660.0,34781.5,35029.0,34954.5,28983.5,28844.5,28896.0,22047.0,22637.0,22313.0,8667.5,8792.5,8904.5,62.0,14789.5,14422.5,15100.0,7317.5,6873.0,7079.0,4977.5,4993.5,5226.0
608.3612497099331,63460.0,63557.5,63755.0,63755.0,63820.0,33937.0,34204.5,34417.0,28469.0,28262.0,28455.5,21661.0,22063.5,21837.5,8294.5,8505.5,8716.0,23.0,14313.5,13934.5,14821.0,7227.5,6873.5,6996.5,4903.0,4870.5,5176.0
610.479406080755,61335.0,61952.0,62839.0,62304.0,63108.5,32928.0,32962.0,33176.5,27699.5,27343.5,27433.0,20808.5,21514.0,21105.5,8069.5,8067.5,8232.5,1.0,13966.0,13400.5,14312.5,6927.0,6730.0,6743.5,4708.5,4710.5,4815.5
612.5906083285481,58424.0,59188.5,60581.5,59894.0,60787.5,31495.5,31401.0,31545.5,26289.0,26039.0,26001.5,19777.5,20479.5,20270.5,7884.0,7759.5,7861.5,173.5,13307.5,12871.0,13562.5,6608.0,6500.0,6554.0,4699.0,4425.0,4472.5
614.6948172304199,56298.0,56764.0,57966.0,57479.0,58159.5,30146.0,30031.0,30182.5,25006.0,24947.5,24920.0,19228.5,19293.0,19232.0,7389.0,7479.0,7549.5,109.5,12596.0,12272.0,13046.0,6424.5,6267.0,6279.0,4555.5,4330.5,4499.0
616.7919934379157,54473.0,54469.5,56459.0,55214.0,56276.0,29214.5,29249.5,29053.0,24135.0,24180.0,23802.0,18351.5,18691.5,18403.0,7117.5,7161.0,7285.0,1.0,12251.5,11889.0,12652.5,6348.5,5941.5,5942.5,4399.5,4249.0,4392.5
618.8820974772601,53017.0,53571.5,55557.0,54376.0,55411.5,28297.5,28688.0,28404.5,23390.0,23449.0,23231.0,17909.5,18423.0,18131.0,7184.5,7018.0,7134.5,1.0,12027.5,11723.0,12328.0,6200.0,5795.0,5901.0,4429.5,4220.0,4194.5
620.9650897495959,52501.0,53529.0,54804.5,53903.5,54965.0,27971.0,28212.5,28134.0,23105.0,23325.0,23336.5,17853.5,18251.0,17889.5,7285.5,7028.0,7029.0,1.0,11976.5,11698.5,12232.5,6028.5,5888.5,5996.5,4303.0,4257.0,4192.0
623.0409305312252,52407.0,53153.0,54822.0,53544.0,54612.5,27913.0,27972.0,28232.5,23385.0,23426.5,23247.0,17748.5,18408.5,17951.5,7157.0,6909.0,6892.5,64.5,11900.5,11739.5,12261.5,5979.0,5761.0,5990.5,4146.0,4249.5,4236.5
625.1095799738484,52116.0,52763.0,54621.5,53328.5,54072.5,27857.0,27815.5,28213.0,23179.5,23353.0,22993.5,17825.5,18682.0,18007.5,6852.5,6845.0,6962.0,1.0,11779.0,11761.5,12097.5,5956.0,5828.5,5878.5,4111.0,4247.0,4232.5
627.1709981048044,51702.0,52028.5,53833.0,52809.0,52980.0,27964.5,27560.0,27658.0,22886.0,23061.5,22873.0,17664.0,18531.5,17859.0,6793.0,6961.5,7047.0,1.0,11751.0,11634.0,11762.5,5962.0,5979.0,5912.5,4167.0,4229.0,4024.5
629.2251448273114,50838.0,51225.0,52694.5,52168.5,52074.5,27476.0,27054.0,27371.5,22868.0,22609.0,22637.5,17356.5,18265.5,17625.5,6796.0,6791.5,6847.5,61.0,11534.5,11395.5,11487.5,6043.0,5913.5,6010.0,4063.0,4167.0,3927.0
631.2719799207059,49609.0,50176.0,51501.5,50624.0,51030.0,26788.5,26433.0,26929.0,22196.0,22295.5,22079.5,16947.5,18025.5,17065.5,6557.5,6580.5,6549.0,1.0,11095.5,11109.5,11353.5,5948.5,5687.0,5830.0,3823.5,4088.0,4018.0
633.3114630406833,48037.0,48524.5,50105.0,48712.0,49641.5,26021.0,25722.5,26037.5,21526.5,21897.0,21369.0,16389.0,17568.0,16569.0,6281.5,6357.5,6462.5,1.0,10773.5,10671.0,11113.5,5771.5,5435.0,5464.5,3789.5,4035.0,3909.0
635.3435537195373,46244.0,46832.0,48250.5,47115.5,48030.5,24863.5,25026.5,25382.0,20976.5,21145.0,20638.0,15842.0,16919.5,16036.5,6206.5,6116.0,6217.5,8.5,10534.5,10222.5,10757.5,5701.0,5175.5,5308.0,3790.5,3848.0,3773.0
637.3682113664008,44488.0,45515.5,46636.5,45774.0,46560.0,23908.5,24230.0,24661.5,20082.0,20298.0,19968.5,15179.5,16087.0,15392.5,6188.0,5817.5,5881.5,90.5,10334.5,10012.5,10172.0,5395.5,5025.0,5119.0,3615.0,3706.0,3736.5
639.3853952674851,43112.0,44204.5,45245.5,44741.0,45234.5,23312.5,23313.0,23746.0,19290.0,19705.5,19533.5,14904.5,15396.5,15022.5,5900.5,5657.0,5756.5,45.0,10196.0,9750.0,9704.5,5140.5,4976.5,4813.5,3364.5,3673.0,3634.0
641.3950645863205,41768.0,42739.5,43780.0,43456.0,43725.5,22990.0,22764.5,22841.0,18743.5,18962.0,19105.5,14724.5,15051.5,14630.0,5676.5,5745.5,5647.0,1.0,9802.0,9426.0,9756.0,5122.5,4656.0,4774.0,3402.5,3448.5,3580.0
643.3971783639955,40640.0,41885.0,42948.5,42205.5,42541.0,22309.5,22337.5,22385.5,18399.0,18277.5,18466.5,14100.0,14472.0,14499.0,5721.0,5696.5,5696.0,9.0,9349.5,9280.5,9550.0,4980.0,4587.0,4683.5,3498.5,3302.5,3488.0
645.3916955193977,39961.0,41086.5,42207.0,41134.5,41692.5,21631.5,21942.0,21924.0,17904.5,17884.0,17855.0,13790.5,14060.0,14201.0,5406.5,5612.5,5625.5,206.5,9079.0,9041.0,9233.5,4661.0,4650.5,4518.0,3412.5,3325.5,3328.0
647.3785748494533,39475.0,39994.5,41512.0,40540.0,40991.0,21324.0,21635.5,21412.5,17660.0,17573.5,17435.0,13562.0,14167.5,13675.0,5094.5,5470.5,5293.5,104.0,9070.5,8743.5,9190.0,4509.5,4346.0,4568.5,3245.5,3252.0,3302.5
649.3577750293674,39413.0,39799.0,41289.5,40407.5,40361.5,21137.0,21359.5,21291.5,17572.0,17527.0,17263.5,13201.5,14004.5,13681.0,5145.0,5325.5,5103.0,1.0,8906.0,8703.0,9176.0,4514.0,4258.0,4558.5,3091.0,3266.5,3298.5
651.3292546128632,39047.0,39948.5,41101.5,40099.5,40360.5,21236.5,21349.5,21271.0,17538.5,17580.5,17280.5,13353.5,13804.5,13671.5,5038.0,5372.5,5211.0,1.0,8713.0,8700.0,9008.5,4505.5,4379.0,4505.0,3129.0,3249.5,3296.0
653.2929720324233,38514.0,39649.0,40700.0,39840.0,40242.5,21223.0,21361.0,21283.0,17543.0,17562.5,17259.0,13617.5,13899.0,13563.5,5167.5,5382.0,5218.5,1.0,8909.5,8679.5,8838.0,4466.5,4391.5,4309.0,3220.0,3241.5,3335.5
655.2488855995288,38340.0,39317.5,40365.0,39687.0,40024.5,20973.5,21286.0,21168.0,17087.5,17466.5,17070.0,13361.0,13703.5,13395.0,5260.5,5212.5,5076.5,1.0,8910.0,8523.0,9029.5,4480.0,4332.5,4260.0,3218.0,3333.0,3341.5
657.196953504899,38015.0,38901.5,40013.5,38906.0,39826.0,20660.5,20983.5,20924.5,16956.0,17232.5,16903.5,12930.0,13472.0,13153.0,5105.5,5110.5,5092.5,9.5,8607.5,8272.5,9002.5,4581.5,4387.5,4340.0,3174.0,3299.0,3193.0
659.1371338187328,37168.0,37897.0,39294.0,38103.5,38804.5,20349.0,20403.5,20613.0,16756.5,16796.0,16667.0,12755.0,13173.5,13035.5,4887.0,4958.5,4935.0,1.0,8354.0,8332.0,8605.0,4525.5,4314.0,4351.5,3257.5,3022.5,3095.5
661.0693844909471,36140.0,36590.0,38278.0,37226.0,37685.0,19817.5,20071.0,20139.5,16348.0,16440.5,16276.5,12616.0,12661.5,12539.5,4664.5,4776.0,4705.5,1.0,8130.0,8264.5,8448.5,4345.5,4071.0,4418.5,3215.5,2841.0,3124.0
662.9936633514176,34948.0,35344.5,37039.5,35922.5,36760.5,19283.0,19739.5,19494.5,15863.0,16006.0,15760.0,12297.5,12367.0,12064.5,4635.5,4583.0,4598.5,51.5,7885.5,7810.5,8296.0,4269.5,3996.0,4282.0,2995.0,3094.5,3044.5
664.9099281102187,33756.0,34368.0,35611.0,34712.5,35746.5,18643.5,19056.5,18814.5,15346.5,15385.0,15054.5,11804.0,12076.5,11778.5,4563.0,4512.5,4430.0,198.0,7708.0,7516.5,7913.0,4162.0,3980.5,3998.0,2814.5,3030.0,2840.0
666.818136357864,32957.0,33577.0,34397.5,33645.0,34446.5,18188.5,18361.0,18292.0,14968.0,14790.5,14442.0,11335.5,11684.0,11488.0,4387.0,4516.5,4344.0,130.5,7525.5,7514.5,7767.0,4036.0,3853.0,3801.0,2730.5,2725.5,2674.0
668.7182455655453,32397.0,32925.5,33751.0,33222.0,33406.5,17869.5,17932.0,17873.0,14581.5,14373.5,14375.0,11108.5,11360.5,11272.5,4195.0,4356.5,4353.5,1.0,7350.0,7379.5,7620.5,3787.5,3634.5,3620.5,2671.5,2690.0,2651.0
670.610213085373,32090.0,32464.0,33189.5,32633.5,32865.5,17584.0,17712.5,17680.5,14278.0,14228.0,14001.5,11044.0,11150.0,11021.0,4076.0,4203.0,4308.5,1.0,7286.5,7258.0,7469.0,3709.5,3544.5,3550.5,2654.0,2600.5,2588.5
672.4939961506166,31770.0,31997.5,32780.5,31988.0,32552.5,17420.0,17475.0,17733.0,13864.5,14068.5,13688.0,10952.0,10974.0,10904.0,4195.0,4166.0,4206.5,1.0,7133.0,7264.0,7424.5,3798.5,3592.5,3723.0,2663.5,2668.5,2495.0
674.369551875944,31170.0,31442.0,32315.0,31930.0,32257.0,17119.0,17030.0,17460.5,13793.0,13905.5,13825.5,10800.5,11025.5,10744.0,4280.5,4185.0,4153.0,1.0,7120.0,7205.5,7103.0,3634.5,3485.5,3714.5,2614.0,2765.5,2472.0
676.2368372576622,30539.0,30998.5,31775.5,31459.0,31903.5,16934.0,16809.0,17085.5,13775.5,13662.0,13613.5,10542.0,10984.0,10715.5,4194.5,4127.5,4155.5,1.0,7326.5,7147.0,6968.0,3494.5,3349.0,3716.5,2547.0,2653.5,2423.0
678.0958091739562,29868.0,30603.0,31419.5,31156.5,31496.5,16780.0,16650.5,16867.0,13499.5,13308.5,13271.0,10308.5,10699.0,10730.5,4108.0,4068.5,4031.5,59.5,7070.0,6799.0,6942.0,3531.5,3272.0,3605.0,2639.0,2599.0,2466.5
679.9464243851306,29416.0,30211.5,30616.5,30621.0,30829.0,16573.5,16081.5,16541.5,13334.5,12953.5,13065.5,10295.5,10471.5,10332.0,3973.5,4009.5,3994.5,1.0,6756.5,6521.5,6852.5,3616.0,3224.0,3374.5,2616.0,2404.5,2464.5
681.7886395338479,28776.0,29451.5,29757.0,29174.5,29883.5,16024.5,15841.0,15951.0,13115.0,12710.0,12702.5,10120.0,10362.5,10094.0,3871.0,4041.0,4034.0,1.0,6740.0,6608.5,6835.5,3533.5,3264.5,3296.5,2441.0,2233.5,2407.0
683.6224111453695,27496.0,28289.5,29000.5,28109.5,28790.0,15294.5,15528.5,15546.5,12604.5,12403.5,12242.5,9662.0,10020.0,9737.0,3776.5,3862.5,3848.5,1.0,6461.5,6452.5,6618.0,3364.5,3167.0,3264.5,2354.0,2326.0,2302.0
685.4476956277961,26485.0,27482.5,28238.0,27408.0,27688.5,14866.0,15035.0,15278.5,12039.0,11991.0,11972.5,9149.5,9583.0,9274.5,3691.0,3612.5,3659.5,1.0,6041.0,6072.5,6407.0,3215.0,3177.5,3207.0,2261.5,2261.5,2288.5
687.2644492723065,25766.0,26874.5,27613.5,26693.5,27097.5,14414.5,14740.0,14868.0,11874.0,11640.5,11820.0,8788.5,9419.5,9203.5,3795.0,3579.0,3543.5,1.0,5912.0,5886.5,6347.5,3088.5,3181.0,3133.5,2184.0,2118.5,2286.5
689.0726282533979,25364.0,26406.0,27048.5,26576.5,26958.5,14199.5,14480.0,14579.0,11691.5,11566.0,11621.0,8806.0,9361.0,9098.0,3577.0,3467.5,3373.5,1.0,5899.5,5943.5,6112.5,3141.5,2955.5,3054.0,2187.5,2086.5,2051.5
690.8721886291272,25468.0,26129.0,26811.5,26605.5,26890.0,14469.0,14563.0,14505.0,11517.5,11614.0,11485.5,8967.0,9300.0,9102.5,3395.5,3471.0,3351.0,1.0,6033.5,5890.5,5982.0,3148.0,2888.0,2928.0,2243.5,2119.0,1981.5
692.663086341349,25504.0,25996.5,26774.0,26401.0,26736.5,14600.0,14653.5,14410.0,11455.0,11444.5,11314.0,8806.0,9223.5,9124.5,3542.5,3542.0,3418.0,1.0,6088.0,5825.5,6024.0,3081.5,2967.5,2985.5,2143.5,2228.5,2084.0
694.4452772159573,25425.0,26084.0,26840.5,25974.5,26474.0,14476.0,14441.5,14474.5,11427.5,11412.0,11135.5,8896.5,9195.0,9004.5,3512.0,3455.0,3411.5,141.0,5982.0,5907.5,5934.5,3264.0,2999.5,3225.0,2130.5,2184.5,2090.0
696.2187169631246,25033.0,25715.5,26356.0,25525.0,26068.5,14152.5,14175.0,14533.5,11394.0,11292.5,11043.5,8981.0,9065.5,8983.0,3459.0,3395.5,3501.5,31.0,5864.5,5841.5,5905.0,3185.5,2960.5,3189.5,2178.5,2085.5,2129.5
697.9833611775417,24465.0,24862.0,25409.5,25262.5,25472.0,13738.5,13703.5,13985.5,11009.5,10918.0,10809.5,8570.0,8846.0,8796.0,3331.5,3493.5,3465.0,1.0,5619.0,5537.5,5794.5,2865.5,2915.5,2920.0,2087.5,2080.5,2030.0
699.7391653386587,23717.0,24063.5,24609.0,24393.0,24595.5,13382.0,13258.0,13216.5,10628.0,10474.0,10555.0,8237.0,8552.5,8468.5,3266.5,3312.5,3216.0,66.0,5397.5,5337.5,5468.0,2759.0,2791.0,2748.0,2054.0,1974.5,1778.0
701.4860848109244,22675.0,23244.5,23759.5,23303.0,23625.5,12838.0,12754.0,12772.5,10317.5,9998.5,10230.5,7990.5,8248.0,8091.5,3143.0,2940.5,3150.5,149.0,5192.0,5148.0,5313.5,2766.0,2647.0,2713.5,2054.0,1758.5,1654.5
703.2240748440254,21688.0,22383.5,22820.0,22421.5,22483.0,12313.0,12243.5,12424.5,9953.0,9705.0,9831.5,7809.0,7864.5,7735.5,2936.5,2902.5,3039.0,51.0,4944.0,4979.5,5135.5,2614.0,2589.0,2638.0,1937.0,1749.0,1644.0
704.9530905731282,21011.0,21603.0,22273.5,21762.5,21531.0,11938.5,11878.5,12173.0,9583.0,9540.5,9350.0,7555.5,7481.0,7577.0,2895.0,2981.5,2944.5,1.0,4956.0,4982.5,4936.5,2557.5,2474.5,2517.5,1876.5,1805.5,1619.0
706.6730870191171,20454.0,21154.0,21841.0,21239.0,21377.5,11656.5,11852.5,11826.5,9372.0,9456.5,9170.0,7234.0,7325.0,7388.5,2848.0,2900.5,2858.0,60.5,4974.5,4809.5,4909.0,2673.0,2410.5,2453.0,1772.0,1858.0,1652.0
708.3840190888359,19884.0,20726.5,21091.5,20642.0,20996.5,11415.0,11785.5,11534.0,9246.0,9181.5,9050.5,7140.5,7210.0,7372.0,2743.5,2852.0,2743.0,1.0,4677.5,4704.0,4819.5,2520.0,2330.5,2366.5,1618.0,1847.0,1732.5
710.0858415753262,19509.0,20033.5,20459.0,20132.0,20477.0,11275.5,11315.0,11356.5,9077.5,8855.0,8666.0,7062.5,6997.5,7193.5,2776.0,2783.5,2801.5,1.0,4571.5,4572.0,4534.0,2419.0,2286.5,2319.0,1494.5,1749.5,1632.5
711.7785091580688,19094.0,19484.0,20100.5,19847.5,20084.5,10988.5,10829.5,10952.5,8864.5,8591.5,8504.0,6731.0,6901.5,6800.5,2818.5,2530.0,2738.0,67.0,4569.5,4311.5,4278.5,2374.0,2325.0,2228.0,1463.0,1539.5,1644.0
713.4619764032235,18456.0,18987.5,19632.0,19457.0,19541.5,10537.5,10604.0,10749.5,8591.0,8480.0,8395.0,6538.5,6834.0,6517.0,2605.0,2416.5,2660.5,39.5,4544.0,4156.5,4237.0,2278.5,2265.0,2294.5,1523.5,1477.0,1661.5
715.1361977638682,17736.0,18484.5,19022.5,18584.5,18970.5,10231.5,10483.5,10573.0,8290.5,8284.0,8113.5,6543.5,6407.0,6316.0,2380.5,2441.5,2584.0,1.0,4423.0,4094.5,4352.5,2192.0,2234.5,2213.0,1585.5,1557.5,1503.5
716.8011275802396,17314.0,17780.0,18391.0,17973.0,18316.5,9975.0,10049.5,10208.5,8011.5,7868.0,7873.5,6384.5,6224.5,6133.5,2347.0,2401.5,2422.0,1.0,4138.0,4099.0,4364.0,2060.5,2242.5,2072.5,1607.0,1502.0,1473.5
718.4567200799737,17107.0,17292.5,17732.5,17598.5,17657.0,9627.0,9752.0,9859.5,7737.0,7541.5,7610.0,6127.0,6238.0,5941.5,2272.0,2342.0,2391.5,19.0,3990.5,4064.5,4113.0,1992.5,2179.0,2206.0,1508.0,1544.5,1478.5
720.1029293783442,16860.0,17212.0,17526.0,17309.5,17237.0,9461.5,9593.0,9563.0,7556.0,7412.0,7438.0,5988.0,5985.5,5894.5,2151.0,2313.0,2413.5,67.5,4010.5,3998.5,3867.5,2010.0,2115.0,2132.0,1514.5,1497.5,1432.0
721.7397094785047,16788.0,17167.0,17632.5,17263.0,17176.5,9502.0,9375.0,9603.0,7585.5,7415.5,7313.5,5911.5,5896.0,5827.0,2203.0,2201.0,2315.0,71.5,3938.5,3839.0,3870.5,2086.5,1989.5,2003.5,1599.0,1368.5,1436.0
723.3670142717265,16554.0,16792.5,17282.5,16998.0,17043.0,9406.5,9354.5,9493.5,7545.0,7387.5,7257.5,5756.5,5894.0,5716.5,2256.5,2288.5,2231.5,35.5,3768.5,3805.5,3861.0,2111.0,1963.0,2120.5,1668.0,1350.5,1443.0
724.9847975376399,15976.0,16374.5,17065.5,16524.0,16814.5,9246.0,9493.0,9256.0,7497.5,7098.0,7197.0,5664.0,5895.5,5733.0,2174.5,2306.5,2212.0,53.0,3655.0,3924.0,3818.0,2139.5,1966.5,2036.0,1595.0,1299.0,1587.0
726.5930129444743,15658.0,16132.5,16882.5,16315.5,16887.5,9063.0,9318.5,9111.0,7288.0,6970.0,7141.5,5570.5,5935.0,5613.5,2261.0,2169.5,2100.5,1.0,3668.5,3820.0,3887.0,2016.5,1940.0,1839.5,1462.5,1368.5,1560.5
728.1916140492972,15434.0,15961.0,16398.0,16136.0,16613.5,8952.0,9035.0,8892.0,6981.0,7031.5,7005.0,5463.5,5754.5,5480.5,2233.5,2211.5,2072.0,1.0,3693.0,3693.5,3807.0,1859.5,1904.0,1837.5,1433.0,1409.5,1377.5
729.7805542982551,15076.0,15526.5,15978.0,15613.5,15817.5,8612.5,8879.5,8532.0,6831.5,6892.5,6772.5,5393.0,5532.5,5373.5,2043.0,2123.5,2059.0,56.5,3600.5,3710.0,3733.5,1802.0,1857.5,1902.0,1377.5,1282.5,1300.5
731.3597870268131,14734.0,14952.5,15529.0,15231.0,15353.0,8329.0,8583.0,8211.0,6621.0,6679.0,6574.0,5175.0,5442.5,5124.0,1923.5,2010.0,2067.5,4.5,3560.5,3491.0,3562.5,1774.0,1806.0,1862.5,1371.5,1313.5,1352.5
732.9292654599955,14251.0,14641.5,14992.5,14731.5,15153.5,8295.5,8318.0,8177.0,6463.5,6388.5,6565.5,4889.0,5422.5,4862.5,1862.5,2004.5,2104.0,14.0,3459.5,3282.5,3480.0,1759.0,1648.0,1724.5,1323.0,1229.5,1289.0
734.4889427126244,13878.0,14333.5,14500.5,14287.5,14764.0,7855.0,8177.0,7965.5,6229.5,6271.5,6508.5,4883.0,5300.5,4641.5,1993.5,1963.0,2057.5,5.0,3321.0,3185.5,3393.5,1582.0,1574.5,1630.5,1244.0,1162.0,1061.0
736.0387717895612,13703.0,13924.0,14361.0,14166.0,14463.5,7601.5,7854.5,7633.0,6083.0,6093.0,6102.5,4950.5,5153.0,4702.0,2087.5,1872.5,1959.0,1.0,3180.5,3023.5,3194.5,1619.0,1597.0,1618.0,1326.5,1172.5,1057.5
737.5787055859462,13131.0,13317.5,14062.0,13802.0,14108.0,7671.0,7529.5,7598.0,6038.5,6000.5,5737.5,4658.0,4944.5,4782.0,1955.5,1816.0,1708.5,1.0,3073.5,2966.0,3127.0,1678.0,1549.0,1629.0,1273.0,1231.0,1142.5
739.1086968874375,12700.0,13093.5,13692.5,13461.0,13560.5,7427.5,7514.0,7580.5,5851.5,6000.5,5639.0,4428.5,4693.5,4586.5,1737.5,1823.5,1702.5,1.0,3105.5,3102.5,2984.0,1584.5,1383.0,1613.0,1199.0,1297.0,1209.5
740.628698370453,12666.0,13096.0,13434.5,13263.0,13151.5,7291.5,7408.5,7358.5,5926.5,5900.0,5716.5,4482.0,4622.5,4564.5,1702.5,1733.5,1797.5,41.5,3128.0,3081.5,2959.5,1583.5,1368.0,1585.0,1137.5,1279.0,1146.5
742.1386626024085,12417.0,12904.0,13158.5,12876.5,13038.5,7428.5,7245.0,7288.5,5842.0,5836.0,5599.5,4541.5,4592.5,4540.5,1795.5,1562.0,1704.0,31.0,3113.5,2952.0,3042.0,1551.0,1404.0,1560.0,1145.5,1209.5,1010.5
743.638542041959,12134.0,12587.0,12901.5,12477.0,13059.5,7328.5,7211.5,7139.5,5578.0,5758.0,5446.5,4427.0,4597.0,4346.5,1661.0,1615.0,1703.5,96.0,2992.0,2781.0,2994.0,1506.5,1533.5,1526.5,1216.0,1093.5,1040.5
745.1282890392379,11972.0,12398.0,12798.0,12403.5,12901.0,7028.0,7172.5,7147.5,5623.5,5709.5,5559.0,4242.5,4433.0,4250.5,1487.0,1784.0,1710.5,66.0,2920.5,2661.5,2860.0,1436.0,1619.0,1321.0,1076.0,1032.0,1018.0
746.6078558360972,11839.0,12105.0,12617.5,12346.0,12552.0,6999.5,7180.5,7154.0,5562.5,5545.5,5549.5,4143.0,4332.5,4157.0,1617.5,1807.0,1670.5,66.0,2870.0,2704.5,2827.0,1499.5,1498.5,1348.5,1023.5,1110.0,999.5
748.0771945663481,11710.0,11888.0,12473.0,12213.5,12363.0,6880.0,7070.5,7018.5,5373.0,5574.0,5376.0,4215.0,4350.5,4238.0,1727.0,1677.5,1669.5,38.0,2804.5,2743.0,2754.5,1582.5,1434.0,1418.5,1060.0,1010.5,1137.5
749.536257256,11622.0,12045.0,12529.5,12226.5,12380.5,6792.5,6921.0,6915.5,5303.0,5517.0,5303.0,4368.5,4450.0,4244.5,1634.0,1593.0,1672.5,1.0,2782.0,2668.5,2654.0,1503.0,1489.5,1413.5,1033.0,816.5,1071.0
750.9849958235013,11627.0,12092.5,12508.0,12176.0,12355.5,6882.0,6954.0,6785.5,5398.5,5269.0,5343.5,4240.5,4383.0,4172.5,1674.0,1621.0,1597.0,1.0,2806.5,2561.0,2818.0,1505.0,1524.0,1505.5,1020.0,896.0,922.0
752.4233620799789,11517.0,11970.0,12474.0,12028.5,12320.0,6718.5,6923.5,6707.5,5381.0,5357.5,5383.5,4043.0,4160.0,4200.5,1629.5,1531.0,1535.5,14.0,2784.0,2638.5,2828.0,1544.0,1372.0,1445.0,1141.5,1021.5,965.5
753.8513077294785,11322.0,11689.0,12342.0,11899.5,12012.0,6625.0,6891.0,6716.0,5361.0,5314.0,5229.0,4148.0,4150.5,4108.5,1419.5,1554.5,1554.5,1.0,2758.5,2529.5,2691.0,1510.0,1346.0,1398.0,1205.5,1000.0,985.0
755.2687843692048,11188.0,11446.5,12027.0,11561.5,11663.0,6582.5,6670.5,6747.0,5243.0,5252.5,5093.0,4218.5,4101.0,4076.0,1424.0,1640.5,1722.0,1.0,2731.5,2401.5,2522.5,1353.5,1315.5,1398.0,1123.5,930.0,930.5
756.6757434897606,10869.0,11218.5,11503.0,11104.0,11519.5,6359.0,6418.0,6568.5,4903.0,5281.5,5004.5,4059.5,4112.5,4013.5,1550.0,1496.5,1467.0,37.0,2647.0,2530.5,2468.0,1279.0,1342.0,1318.5,984.0,883.5,957.5
758.0721364753877,10339.0,10697.0,10918.0,10765.5,11022.0,6219.0,6220.5,6251.0,4712.0,4933.0,4743.0,3920.5,4025.0,3821.0,1475.5,1399.5,1191.0,79.5,2651.0,2472.5,2508.5,1305.5,1304.5,1318.0,936.5,819.5,913.5
759.4579146042066,9907.0,10120.5,10357.0,10419.0,10422.5,5997.5,5807.0,5856.5,4538.5,4552.5,4525.0,3656.0,3736.5,3573.0,1424.0,1351.0,1284.0,111.5,2564.5,2205.5,2363.5,1253.5,1149.0,1268.5,880.0,850.0,848.5
760.8330290484566,9543.0,9633.5,9795.5,10056.0,10164.0,5703.0,5437.5,5694.0,4431.0,4426.5,4388.5,3548.5,3443.0,3412.5,1272.5,1325.0,1292.5,1.0,2386.0,2127.0,2191.0,1250.5,1125.5,1152.0,731.0,876.0,942.0
762.1974308747357,8841.0,9193.0,9517.0,9504.5,9808.0,5376.0,5249.5,5567.0,4191.0,4352.0,4144.5,3544.5,3303.5,3201.0,1139.5,1383.0,1229.5,1.0,2277.0,2038.5,2164.0,1238.5,1064.0,1061.5,760.0,787.0,1056.5
763.5510710442404,8391.0,8729.0,9040.5,8940.5,9201.0,5053.5,5063.0,5113.5,4014.0,4105.5,4004.0,3363.0,3243.0,3020.5,1245.0,1349.5,1146.5,1.0,2224.5,2012.5,2166.0,1210.0,1142.0,1103.0,707.5,730.5,1112.5
764.8939004130059,8310.0,8445.0,8781.5,8632.0,8770.0,4841.0,5015.5,4828.0,3996.5,3838.5,3954.5,3223.0,3167.5,2998.0,1238.5,1249.5,1188.0,1.0,2044.0,2090.0,2018.5,1136.5,1034.0,1092.5,664.5,814.5,953.5
766.2258697321464,7988.0,8439.5,8648.0,8573.5,8530.5,4824.5,4921.5,4588.0,3901.0,3702.0,3877.5,3100.5,3064.5,3014.5,1119.5,1108.0,1205.5,1.0,1889.5,1867.5,2024.0,1080.5,891.0,982.0,809.0,729.5,844.5
767.5469296480946,7877.0,8285.0,8333.5,8417.5,8400.0,4821.5,4618.5,4388.5,3810.5,3699.5,3667.5,3019.0,2993.0,2906.0,1034.0,1088.0,1044.0,1.0,1819.5,1768.5,1930.0,1108.5,947.0,1015.0,763.5,571.5,832.0
768.8570307028418,7688.0,7924.0,8136.0,8035.5,8180.5,4695.0,4517.0,4561.0,3781.0,3637.0,3558.0,2928.5,3031.0,2799.5,1122.0,1206.5,889.0,1.0,1846.0,1910.0,1831.5,981.5,876.5,992.0,681.0,692.5,767.0
770.1561233341782,7337.0,7711.5,7807.0,7698.0,7771.5,4504.0,4612.0,4591.5,3761.5,3507.5,3545.5,2815.0,2965.5,2722.5,1067.0,1210.5,873.0,1.0,1892.0,1847.5,1796.5,792.5,814.0,974.0,751.5,692.5,739.0
771.4441578759328,7299.0,7493.0,7883.5,7613.5,7594.5,4347.0,4577.5,4506.0,3778.5,3467.0,3474.0,2714.5,2763.0,2636.5,895.0,1144.0,987.0,155.5,1789.0,1788.5,1602.5,824.0,883.0,941.0,671.5,614.0,669.5
772.7210845582126,7407.0,7346.0,7788.0,7608.5,7505.0,4291.0,4447.0,4475.5,3734.5,3327.0,3425.0,2751.0,2688.0,2661.0,991.5,1165.5,1069.0,146.5,1589.0,1797.0,1634.0,941.0,922.5,893.0,741.5,644.0,593.0
773.9868535076445,7206.0,7302.5,7508.0,7479.5,7365.5,4357.5,4403.0,4300.5,3610.0,3344.5,3467.0,2751.0,2702.5,2686.5,996.5,1120.5,1028.5,1.0,1593.0,1799.0,1687.0,957.5,985.0,892.5,817.0,715.0,634.0
775.2414147476129,6948.0,7264.0,7290.0,7233.0,7386.0,4396.5,4383.5,4135.0,3464.0,3483.5,3469.5,2616.5,2753.0,2617.5,945.0,1006.0,1009.5,15.0,1663.0,1686.5,1589.0,889.5,997.5,893.5,665.5,691.5,641.0
776.4847181985016,6958.0,7251.0,7058.0,7202.0,7279.0,4249.0,4257.5,4149.0,3501.5,3297.5,3362.5,2661.0,2657.0,2433.0,1047.5,924.5,980.5,1.0,1747.0,1568.5,1598.0,862.5,921.5,840.0,581.0,663.5,563.5
777.716713677933,6791.0,7020.5,7158.5,7252.0,7240.0,4141.0,4098.5,4131.0,3512.5,3066.5,3239.5,2638.5,2588.5,2367.5,1044.5,940.0,982.0,1.0,1807.0,1627.5,1586.0,886.5,813.5,877.5,603.5,804.0,619.0
778.937350901008,6503.0,6814.5,7106.5,7165.0,7181.0,4023.5,4005.5,4100.5,3230.0,3236.0,3209.0,2452.0,2667.5,2411.0,904.5,955.5,1035.5,47.0,1705.5,1660.5,1532.5,885.5,769.0,863.0,567.0,717.5,536.5
780.1465794805465,6425.0,6879.0,7036.5,6821.5,7014.5,3946.0,3949.5,4094.5,3118.5,3217.5,3251.5,2520.0,2506.5,2414.5,872.5,880.5,918.0,42.5,1612.0,1554.0,1648.5,863.5,837.0,736.0,480.5,667.0,530.0
781.3443489273269,6446.0,6741.5,7075.5,6606.0,7068.5,3962.0,3903.0,3959.0,3107.5,2957.0,3183.5,2594.5,2324.5,2311.5,901.0,924.0,822.5,64.0,1579.0,1497.0,1750.0,872.5,717.0,737.5,606.5,614.5,580.5
782.5306086503261,6258.0,6333.0,6883.5,6644.5,6904.5,3914.0,3752.5,3906.0,2955.0,2998.0,3066.0,2454.0,2270.0,2155.5,902.5,915.5,945.5,97.5,1494.0,1432.5,1593.5,915.0,694.0,793.5,720.5,480.0,570.0
783.7053079569602,5901.0,6097.5,6717.5,6500.5,6685.5,3653.0,3766.0,3979.0,2912.0,3005.5,2947.5,2326.5,2214.5,2196.0,822.0,864.0,933.0,70.0,1436.5,1383.0,1508.0,799.0,664.5,806.0,726.0,462.5,564.5
784.8683960533237,5902.0,6122.0,6737.0,6417.0,6615.0,3663.0,3773.5,3784.5,2834.5,2909.0,2877.0,2383.5,2186.0,2247.0,648.5,827.0,967.0,28.0,1539.5,1398.5,1671.0,761.0,543.0,779.5,573.5,464.0,524.5
786.0198220444298,6093.0,6206.5,6699.0,6222.0,6365.5,3838.5,3687.0,3722.5,2752.0,2899.0,2852.5,2365.5,2258.0,2205.0,729.0,867.0,989.5,23.0,1451.0,1433.5,1607.5,956.5,626.5,751.0,419.0,493.0,614.0
787.1595349344504,6016.0,6135.5,6415.0,6024.5,6190.0,3649.5,3671.0,3688.0,2886.0,2799.5,2760.5,2242.0,2314.0,2247.0,847.0,848.5,925.5,16.5,1363.5,1333.0,1481.0,868.0,695.0,631.0,473.5,512.0,612.5
788.2874836269561,5798.0,6077.5,6395.5,6072.5,6146.5,3385.5,3624.0,3406.5,2883.0,2860.5,2723.0,2212.5,2291.0,2180.0,760.0,815.5,812.0,1.0,1386.5,1324.5,1439.5,836.0,715.5,670.0,467.0,655.0,563.0
789.4036169251566,5611.0,5955.0,6351.5,6160.5,6157.5,3389.5,3490.5,3343.0,2761.5,2844.0,2598.5,2117.5,2304.0,2143.5,711.5,826.5,752.0,1.0,1291.0,1366.0,1432.0,790.0,729.5,713.0,431.0,612.5,600.0
790.5078835321397,5526.0,5838.0,5985.5,6021.5,6121.5,3499.5,3379.0,3277.0,2621.5,2583.0,2450.0,2135.0,2179.0,2153.0,839.5,772.5,792.5,11.5,1254.5,1373.0,1572.0,732.5,728.0,750.0,416.5,509.5,632.5
791.6002320511119,5575.0,5936.5,5957.5,5972.5,5869.0,3629.0,3437.5,3319.0,2660.0,2592.0,2536.5,2132.0,2163.5,2152.5,832.0,855.5,840.5,84.0,1331.0,1401.5,1677.5,894.5,641.0,780.5,552.5,529.5,580.0
792.680610985639,5767.0,6065.5,6246.0,6143.0,5988.0,3689.5,3541.0,3504.0,2832.0,2754.0,2724.0,2099.0,2237.0,2054.5,878.5,829.5,891.0,34.5,1311.0,1415.5,1538.5,780.5,679.0,644.0,665.0,501.0,603.5
793.748968739885,6029.0,6292.0,6567.5,6431.0,6359.0,3567.5,3633.0,3573.0,2876.0,2781.5,2900.5,2286.0,2293.5,2172.0,900.5,841.5,885.0,1.0,1475.5,1550.5,1548.0,849.0,694.0,694.0,531.0,624.0,575.0
794.8052536188527,6643.0,6741.5,7066.5,7070.5,6960.5,3900.5,3957.0,3893.0,3095.0,3049.5,3073.5,2568.5,2580.0,2516.0,737.0,895.0,989.0,1.0,1703.5,1499.5,1710.0,897.0,676.5,852.0,405.5,661.5,412.5
795.8494138286239,7600.0,7680.5,8043.0,7949.0,7898.5,4517.0,4372.0,4602.0,3584.5,3562.5,3459.0,2883.5,2875.0,2803.0,822.5,1043.0,1121.0,1.0,1734.0,1598.0,1828.5,906.0,814.5,961.5,680.0,689.5,554.0
796.8813974765987,8433.0,8869.5,9092.5,8787.0,8882.0,4968.0,4853.5,5119.0,3985.0,3934.0,3833.5,3195.0,3268.0,3092.5,1100.5,1268.5,1264.0,1.0,1936.5,1892.5,1990.5,1072.5,983.0,1060.5,1019.0,704.5,766.0
797.901152571736,9251.0,9687.5,9899.0,9627.5,9900.5,5513.5,5510.0,5387.0,4295.5,4185.0,4377.5,3543.5,3612.0,3238.0,1350.0,1225.5,1435.0,1.0,2313.5,2001.0,2261.5,1117.5,1106.5,1167.5,976.5,668.5,865.5
798.9086270247935,9819.0,10224.0,10524.5,10283.0,10477.0,5912.5,5894.5,5953.5,4512.5,4522.5,4772.5,3754.0,3770.5,3392.5,1386.5,1294.0,1345.5,29.5,2404.0,2173.5,2465.5,1272.5,1116.0,1283.0,879.5,936.5,920.5
799.9037686485676,10189.0,10716.5,10992.5,10667.5,10785.5,6265.5,6055.5,6420.0,4784.0,5001.0,4922.0,3782.5,3950.0,3752.0,1379.0,1497.5,1261.0,46.0,2434.5,2404.5,2375.0,1380.5,1251.0,1303.0,901.0,1005.5,860.5
800.8865251581337,10639.0,11114.0,11485.0,11095.5,11177.0,6428.5,6304.0,6559.0,5120.5,5236.5,5059.5,3912.5,4062.0,4087.5,1380.5,1659.0,1586.5,6.0,2560.5,2603.5,2537.5,1316.5,1263.5,1268.5,953.5,894.0,852.5
801.8568441710848,10724.0,11299.5,11725.0,11387.0,11428.5,6548.0,6531.5,6711.5,5251.0,5372.0,5067.0,4132.0,4066.5,4139.5,1436.5,1633.0,1655.0,21.5,2633.0,2656.5,2831.5,1439.0,1174.0,1407.5,951.0,939.0,918.0
802.8146732077739,10414.0,11096.0,11672.0,11253.5,11229.5,6695.0,6479.0,6615.5,5225.0,5356.5,5066.0,4085.5,4222.5,4022.0,1497.5,1563.5,1500.5,82.5,2607.0,2511.0,2744.0,1412.0,1324.0,1485.5,1024.0,854.5,989.5
803.7599596915521,10133.0,10719.5,11204.5,10925.5,11005.5,6542.0,6265.5,6356.0,5060.5,4940.0,4974.0,3936.5,4162.0,3814.5,1470.0,1472.5,1500.5,213.0,2524.5,2417.5,2491.0,1158.5,1286.5,1373.0,1034.5,779.0,1058.0
804.6926509490091,9920.0,10452.5,10705.0,10493.5,10588.5,6232.5,6100.5,6180.5,4889.5,4709.0,4785.5,3842.0,4007.5,3665.0,1345.5,1408.5,1464.5,236.0,2562.5,2443.0,2427.5,1231.5,1235.0,1253.0,933.0,883.5,1042.5
805.6126942102138,9387.0,9804.5,10212.5,9907.5,9928.0,5802.5,5748.5,6044.5,4652.0,4684.5,4527.0,3636.0,3831.0,3629.0,1143.0,1475.5,1309.5,1.0,2501.5,2414.5,2325.0,1212.0,1236.5,1079.5,855.5,879.0,933.0
806.5200366089531,8553.0,8917.5,9218.0,9095.0,9088.5,5275.0,5268.5,5576.0,4128.5,4295.5,4272.0,3252.5,3351.0,3264.5,996.5,1239.5,1215.0,1.0,2133.5,2208.0,2048.0,1114.0,1158.5,1015.5,864.0,835.5,954.5
807.4146251829733,7500.0,7893.0,8063.0,7983.5,7891.0,4713.0,4702.0,4813.5,3503.0,3673.5,3660.0,2903.0,2953.5,2692.0,954.0,1145.0,1243.5,1.0,1792.0,1955.5,1791.5,1129.0,1025.5,1039.0,674.5,811.0,809.0
808.2964068742189,6678.0,6901.5,7084.5,7013.0,7162.5,4215.0,4280.5,4244.5,3190.0,3192.5,3157.0,2578.0,2521.5,2461.0,846.5,1139.5,1086.5,1.0,1702.0,1707.0,1645.0,1012.0,953.5,916.5,595.5,608.5,514.0
809.1653285290731,6111.0,6238.0,6385.5,6440.0,6593.0,3849.5,3936.5,3937.0,2948.5,2849.5,2916.0,2259.5,2269.5,2374.0,789.0,863.0,819.0,98.5,1576.5,1566.0,1554.0,918.0,900.0,730.0,628.0,539.5,549.0
810.0213368985985,5393.0,5699.0,5950.0,5769.0,5945.0,3380.5,3428.5,3672.5,2723.0,2549.0,2550.0,2075.5,2196.5,1953.5,778.0,781.0,627.0,98.0,1331.0,1292.5,1431.5,799.5,746.5,694.0,558.0,427.0,592.5
810.8643786387753,4820.0,5206.5,5355.5,4981.0,5347.5,2874.0,3118.0,3293.5,2439.0,2228.5,2328.5,1816.5,2046.0,1711.5,560.5,818.0,577.0,1.0,1125.5,1103.0,1289.0,690.0,702.0,601.5,516.0,193.5,403.0
811.6944003107434,4618.0,4611.0,4783.0,4511.5,4923.0,2734.5,3037.5,2895.5,2113.5,2144.5,2132.5,1576.5,1818.0,1676.0,475.5,765.0,634.0,1.0,1052.0,1202.0,1104.5,641.0,601.5,504.0,360.5,278.0,252.5
812.5113483810409,4288.0,4191.0,4556.5,4244.5,4646.0,2594.5,2856.5,2603.0,1876.5,2063.0,1791.0,1609.0,1540.0,1455.0,639.5,750.5,527.0,1.0,1016.5,1145.5,961.5,575.5,577.0,579.0,312.0,429.5,272.5
813.3151692218445,3906.0,3956.0,4218.0,4017.0,4296.5,2406.5,2607.5,2471.0,1723.0,1874.5,1660.0,1565.5,1492.0,1453.0,644.5,716.5,472.5,1.0,997.0,1006.0,917.5,535.5,565.0,552.0,328.5,372.5,401.5
814.1058091112099,3693.0,3670.0,3816.5,3852.0,3921.0,2223.5,2436.5,2253.5,1743.0,1744.0,1681.5,1326.0,1468.0,1329.0,422.5,486.0,506.0,12.0,996.0,916.5,926.0,426.0,565.5,541.5,304.0,299.0,374.0
814.8832142333115,3400.0,3237.0,3420.0,3494.5,3525.5,2039.0,2191.5,2039.0,1590.5,1594.0,1729.0,1295.0,1170.0,1051.5,472.0,387.5,461.5,54.5,875.5,783.0,795.0,353.0,433.0,541.0,285.0,217.5,277.0
815.6473306786821,3196.0,3093.0,3205.5,3218.0,3271.0,1936.5,2021.5,1935.0,1489.0,1405.0,1658.5,1179.0,1116.0,1066.0,483.5,436.0,519.0,42.0,732.5,671.5,697.5,389.0,380.5,451.0,295.0,191.0,288.5
816.3981044444536,2996.0,3085.0,3139.5,3153.0,2960.5,1887.5,1901.5,1871.0,1534.0,1224.0,1385.0,1115.0,1197.5,974.0,234.0,432.0,570.5,1.0,622.0,777.0,759.5,460.5,432.0,339.0,360.5,250.0,296.5
817.1354814345963,2765.0,2935.5,2994.0,2905.0,2749.0,1906.5,1741.5,1899.5,1399.5,1183.5,1320.5,1097.0,1151.0,852.5,171.0,415.5,407.5,1.0,659.0,867.0,681.0,428.5,469.5,419.0,385.5,243.5,355.0
817.8594074601592,2586.0,2767.5,2902.5,2721.0,2817.0,1748.0,1644.0,1688.5,1192.0,1147.5,1352.0,992.0,1049.0,921.5,244.0,309.5,278.0,1.0,722.5,815.5,596.5,309.0,544.5,478.0,351.0,401.5,325.5
818.5698282395102,2445.0,2602.0,2786.5,2571.5,2725.5,1561.5,1575.0,1560.0,1233.5,1128.0,1232.0,1037.0,949.0,921.0,262.0,382.0,383.0,1.0,636.0,666.5,671.0,382.5,435.5,272.0,302.5,399.5,165.5
819.2666893985759,2326.0,2441.5,2513.5,2514.5,2537.0,1399.0,1464.0,1571.0,1133.0,1153.0,1214.0,1028.5,965.0,860.5,432.0,461.5,403.0,1.0,545.0,628.0,568.0,335.5,275.0,197.5,233.0,280.0,25.0
819.9499364710814,2362.0,2476.5,2508.0,2471.5,2431.0,1325.5,1457.5,1507.5,1064.5,1128.0,1155.5,968.5,804.0,738.5,313.0,383.0,342.5,1.0,487.0,663.0,504.5,286.0,208.0,193.0,176.0,197.5,154.5
820.6195148987904,2346.0,2373.5,2566.0,2235.0,2471.0,1367.5,1494.5,1501.5,1056.0,1074.5,1067.0,918.0,692.5,779.0,117.0,413.5,336.0,1.0,553.5,636.5,555.5,354.5,236.5,266.5,165.0,224.0,271.0
821.2753700317458,2143.0,2138.0,2380.5,2086.5,2422.0,1334.5,1402.0,1477.5,892.0,1150.0,1170.0,907.0,868.5,863.0,255.0,318.0,276.0,1.0,588.0,563.5,620.5,379.0,212.5,274.0,327.5,305.5,137.0
821.9174471285088,2113.0,2141.5,2254.0,2146.5,2249.5,1347.0,1400.0,1510.0,1038.5,1122.5,1228.5,864.0,871.0,735.0,360.5,273.0,282.0,15.0,533.5,593.5,605.5,372.5,203.5,44.0,313.0,229.5,205.5
822.5456913563995,2157.0,2176.5,2269.5,2164.5,2333.5,1367.0,1401.5,1489.0,1028.0,946.0,1299.0,790.5,765.5,621.0,413.5,381.5,267.0,1.0,541.0,613.5,600.0,268.5,183.5,191.0,255.5,180.0,223.0
823.1600477917364,2090.0,2236.0,2374.0,2184.0,2557.5,1413.0,1443.0,1440.0,965.5,857.5,1219.5,758.5,839.0,656.5,344.0,313.5,154.5,19.5,596.5,388.5,654.5,138.5,247.5,231.0,115.5,133.0,141.0
823.760461420077,2026.0,2301.0,2245.5,2296.0,2469.5,1354.0,1419.5,1408.5,1032.0,689.0,1002.5,892.5,715.5,685.5,207.5,384.5,198.5,29.0,566.5,397.0,629.0,81.0,314.5,133.0,5.5,218.0,252.5
824.3468771364576,2104.0,2257.5,2063.0,2272.0,2352.5,1226.5,1336.0,1379.0,955.0,739.0,925.0,1035.0,684.0,632.5,215.0,457.5,288.5,40.5,453.5,659.5,539.5,138.5,320.0,216.5,254.0,261.0,303.0
824.9192397456327,2221.0,2286.5,2174.5,2253.5,2310.5,1307.0,1427.0,1374.0,998.5,965.5,1061.5,1045.0,866.5,630.5,189.5,284.5,361.0,80.5,449.0,663.0,516.0,150.5,395.0,223.5,267.0,150.5,244.0
825.4774939623161,2302.0,2226.5,2340.5,2342.0,2194.5,1381.5,1464.0,1379.5,989.5,1031.0,1062.0,1014.5,906.5,594.0,161.5,270.0,374.0,1.0,470.0,451.0,552.0,161.5,349.0,165.0,55.0,136.5,137.5
826.02158441142,2217.0,2210.5,2304.5,2405.5,2376.0,1425.5,1460.0,1470.0,978.0,1004.5,944.0,912.5,954.5,660.5,249.5,259.0,315.5,2.0,460.5,430.0,420.5,292.5,271.0,208.5,44.0,62.0,64.5
826.5514556282951,2120.0,2345.5,2246.0,2331.0,2620.0,1522.0,1377.5,1460.0,1085.5,962.0,1007.5,867.0,865.5,787.0,273.5,299.5,343.0,56.0,415.0,347.5,457.5,297.5,268.5,397.5,150.5,1.0,153.0
827.0670520589711,2412.0,2313.5,2457.0,2334.0,2505.5,1586.0,1380.5,1484.5,1136.5,1028.0,1099.0,856.5,787.0,771.5,254.0,263.0,438.5,56.0,357.0,376.5,510.0,249.0,316.5,314.0,252.0,105.5,273.0
827.5683180603965,2667.0,2504.5,2638.5,2635.0,2524.5,1642.5,1574.0,1623.0,1282.0,1077.5,1114.5,906.5,957.5,916.0,296.5,195.5,412.5,1.0,429.0,530.0,537.5,349.5,374.0,131.5,332.5,195.0,207.0
828.055197900678,2663.0,2859.0,2941.0,2937.5,3019.5,1729.5,1840.5,1716.0,1414.0,1252.0,1259.0,1067.5,1158.0,994.0,388.0,320.5,361.5,1.0,549.0,642.0,817.5,338.5,377.5,204.5,275.0,187.5,218.0
828.5276357593215,2979.0,3286.5,3456.0,3233.0,3378.5,1910.5,2007.0,1991.5,1462.0,1400.0,1523.5,1188.0,1313.5,978.0,462.5,518.5,383.5,10.0,671.5,785.0,954.5,327.0,365.5,362.0,369.0,146.0,227.5
828.9855757274715,3527.0,3738.5,3799.0,3762.0,3736.5,2200.0,2244.0,2329.5,1662.0,1565.0,1722.0,1362.0,1361.0,1077.0,474.0,613.5,375.0,1.0,852.5,875.0,929.5,529.0,404.0,424.0,435.0,163.0,203.5
829.4289618081514,3944.0,3886.0,4149.5,4146.5,4085.0,2443.5,2577.0,2493.0,1910.5,1735.0,1938.0,1549.5,1417.5,1237.0,510.5,567.0,441.5,1.0,1019.5,910.0,1114.0,492.5,326.0,329.5,380.0,352.0,283.0
829.8577379165023,4053.0,4029.0,4354.5,4291.0,4241.0,2624.5,2662.0,2622.5,2010.5,1799.0,1979.0,1601.5,1506.5,1404.5,678.0,574.5,376.5,6.5,1020.0,893.5,1086.0,453.5,371.5,369.0,477.5,468.5,522.5
830.2718478800255,4100.0,4213.5,4337.0,4315.5,4465.5,2656.0,2661.5,2658.0,1972.5,2011.5,2111.5,1626.5,1670.5,1404.5,676.5,614.5,514.0,12.0,940.0,991.0,924.5,516.5,412.5,513.5,590.5,447.0,524.0
830.6712354388195,4183.0,4265.5,4404.0,4366.0,4491.0,2625.5,2724.0,2604.0,2029.5,2000.5,2099.0,1636.5,1796.5,1353.0,558.0,680.0,649.5,1.0,912.5,1075.0,971.5,561.5,416.5,512.0,507.0,445.5,334.5
831.0558442458226,4097.0,4407.0,4423.5,4306.5,4512.0,2597.5,2744.0,2672.5,1948.5,1890.0,2005.5,1650.0,1767.0,1476.5,546.5,640.5,536.5,1.0,1057.5,1037.5,1014.0,600.0,628.5,471.5,339.5,356.0,313.5
831.4256178670518,4050.0,4504.0,4371.0,4175.0,4626.0,2511.0,2702.0,2744.0,1766.0,1899.0,2123.0,1667.0,1749.0,1618.0,555.0,589.0,568.0,24.0,1195.0,995.0,1005.0,504.0,717.0,435.0,304.0,322.0,238.0
831.7804997818419,4019.0,4242.0,4584.0,4443.0,4539.0,2667.0,2826.0,2637.0,2129.0,2215.0,1971.0,1664.0,1704.0,1811.0,441.0,613.0,400.0,106.0,1056.0,1031.0,851.0,499.0,518.0,523.0,555.0,387.0,387.0
