wl,S001,R001,S002,S003
299.873718,3176.000000,3176.000000,3176.000000,3176.000000
300.328207,3280.000000,3280.000000,3280.000000,3280.000000
300.782683,3483.000000,3483.000000,3483.000000,3483.000000
301.237147,3436.571429,3436.571429,3436.571429,3436.571429
301.691598,3450.428571,3450.428571,3450.428571,3450.428571
302.146037,3419.285714,3419.285714,3419.285714,3419.285714
302.600464,3336.000000,3336.000000,3336.000000,3336.000000
303.054878,3241.142857,3241.142857,3241.142857,3241.142857
303.509280,3153.571429,3153.571429,3153.571429,3153.571429
303.963669,3103.000000,3103.000000,3103.000000,3103.000000
304.418046,3109.428571,3109.428571,3109.428571,3109.428571
304.872411,3200.142857,3200.142857,3200.142857,3200.142857
305.326763,3402.142857,3402.142857,3402.142857,3402.142857
305.781102,3731.428571,3731.428571,3731.428571,3731.428571
306.235430,4191.857143,4191.857143,4191.857143,4191.857143
306.689744,4816.714286,4816.714286,4816.714286,4816.714286
307.144047,5569.000000,5569.000000,5569.000000,5569.000000
307.598336,6469.714286,6469.714286,6469.714286,6469.714286
308.052614,7516.857143,7516.857143,7516.857143,7516.857143
308.506878,8750.571429,8750.571429,8750.571429,8750.571429
308.961131,10264.714286,10264.714286,10264.714286,10264.714286
309.415370,12090.000000,12090.000000,12090.000000,12090.000000
309.869598,14224.428571,14224.428571,14224.428571,14224.428571
310.323812,16566.285714,16566.285714,16566.285714,16566.285714
310.778014,18848.285714,18848.285714,18848.285714,18848.285714
311.232204,20887.428571,20887.428571,20887.428571,20887.428571
311.686381,22363.142857,22363.142857,22363.142857,22363.142857
312.140545,22940.714286,22940.714286,22940.714286,22940.714286
312.594697,22417.285714,22417.285714,22417.285714,22417.285714
313.048837,20700.857143,20700.857143,20700.857143,20700.857143
313.502963,18035.571429,18035.571429,18035.571429,18035.571429
313.957077,14897.428571,14897.428571,14897.428571,14897.428571
314.411179,11660.428571,11660.428571,11660.428571,11660.428571
314.865268,8678.428571,8678.428571,8678.428571,8678.428571
315.319344,6213.285714,6213.285714,6213.285714,6213.285714
315.773407,4401.285714,4401.285714,4401.285714,4401.285714
316.227458,3293.285714,3293.285714,3293.285714,3293.285714
316.681497,2768.714286,2768.714286,2768.714286,2768.714286
317.135522,2584.285714,2584.285714,2584.285714,2584.285714
317.589535,2532.571429,2532.571429,2532.571429,2532.571429
318.043535,2513.714286,2513.714286,2513.714286,2513.714286
318.497523,2492.285714,2492.285714,2492.285714,2492.285714
318.951498,2476.571429,2476.571429,2476.571429,2476.571429
319.405460,2468.714286,2468.714286,2468.714286,2468.714286
319.859409,2462.285714,2462.285714,2462.285714,2462.285714
320.313346,2457.142857,2457.142857,2457.142857,2457.142857
320.767270,2452.714286,2452.714286,2452.714286,2452.714286
321.221181,2455.142857,2455.142857,2455.142857,2455.142857
321.675079,2457.000000,2457.000000,2457.000000,2457.000000
322.128965,2459.714286,2459.714286,2459.714286,2459.714286
322.582838,2457.142857,2457.142857,2457.142857,2457.142857
323.036698,2454.428571,2454.428571,2454.428571,2454.428571
323.490545,2448.428571,2448.428571,2448.428571,2448.428571
323.944380,2446.857143,2446.857143,2446.857143,2446.857143
324.398202,2444.000000,2444.000000,2444.000000,2444.000000
324.852010,2439.285714,2439.285714,2439.285714,2439.285714
325.305806,2430.857143,2430.857143,2430.857143,2430.857143
325.759590,2428.714286,2428.714286,2428.714286,2428.714286
326.213360,2429.000000,2429.000000,2429.000000,2429.000000
326.667118,2430.714286,2430.714286,2430.714286,2430.714286
327.120862,2423.428571,2423.428571,2423.428571,2423.428571
327.574594,2431.142857,2431.142857,2431.142857,2431.142857
328.028313,2448.857143,2448.857143,2448.857143,2448.857143
328.482019,2477.857143,2477.857143,2477.857143,2477.857143
328.935712,2510.428571,2510.428571,2510.428571,2510.428571
329.389392,2567.428571,2567.428571,2567.428571,2567.428571
329.843060,2632.714286,2632.714286,2632.714286,2632.714286
330.296714,2734.142857,2734.142857,2734.142857,2734.142857
330.750355,2850.142857,2850.142857,2850.142857,2850.142857
331.203984,2993.285714,2993.285714,2993.285714,2993.285714
331.657599,3148.571429,3148.571429,3148.571429,3148.571429
332.111202,3292.285714,3292.285714,3292.285714,3292.285714
332.564792,3411.285714,3411.285714,3411.285714,3411.285714
333.018368,3494.142857,3494.142857,3494.142857,3494.142857
333.471932,3523.714286,3523.714286,3523.714286,3523.714286
333.925483,3492.428571,3492.428571,3492.428571,3492.428571
334.379020,3382.857143,3382.857143,3382.857143,3382.857143
334.832545,3230.142857,3230.142857,3230.142857,3230.142857
335.286057,3062.714286,3062.714286,3062.714286,3062.714286
335.739555,2892.571429,2892.571429,2892.571429,2892.571429
336.193041,2748.428571,2748.428571,2748.428571,2748.428571
336.646513,2627.142857,2627.142857,2627.142857,2627.142857
337.099973,2534.857143,2534.857143,2534.857143,2534.857143
337.553419,2490.285714,2490.285714,2490.285714,2490.285714
338.006853,2473.714286,2473.714286,2473.714286,2473.714286
338.460273,2479.714286,2479.714286,2479.714286,2479.714286
338.913680,2472.571429,2472.571429,2472.571429,2472.571429
339.367074,2474.142857,2474.142857,2474.142857,2474.142857
339.820455,2477.571429,2477.571429,2477.571429,2477.571429
340.273823,2487.000000,2487.000000,2487.000000,2487.000000
340.727177,2484.571429,2484.571429,2484.571429,2484.571429
341.180519,2471.285714,2471.285714,2471.285714,2471.285714
341.633847,2454.000000,2454.000000,2454.000000,2454.000000
342.087163,2451.428571,2451.428571,2451.428571,2451.428571
342.540465,2439.857143,2439.857143,2439.857143,2439.857143
342.993754,2425.428571,2425.428571,2425.428571,2425.428571
343.447030,2411.285714,2411.285714,2411.285714,2411.285714
343.900292,2407.285714,2407.285714,2407.285714,2407.285714
344.353541,2407.428571,2407.428571,2407.428571,2407.428571
344.806778,2407.142857,2407.142857,2407.142857,2407.142857
345.260001,2404.428571,2404.428571,2404.428571,2404.428571
345.713210,2408.142857,2408.142857,2408.142857,2408.142857
346.166407,2407.000000,2407.000000,2407.000000,2407.000000
346.619590,2410.857143,2410.857143,2410.857143,2410.857143
347.072760,2411.000000,2411.000000,2411.000000,2411.000000
347.525917,2416.285714,2416.285714,2416.285714,2416.285714
347.979060,2411.285714,2411.285714,2411.285714,2411.285714
348.432191,2417.000000,2417.000000,2417.000000,2417.000000
348.885307,2420.714286,2420.714286,2420.714286,2420.714286
349.338411,2436.857143,2436.857143,2436.857143,2436.857143
349.791501,2441.714286,2441.714286,2441.714286,2441.714286
350.244578,2456.571429,2456.571429,2456.571429,2456.571429
350.697642,2466.857143,2466.857143,2466.857143,2466.857143
351.150693,2487.571429,2487.571429,2487.571429,2487.571429
351.603730,2508.000000,2508.000000,2508.000000,2508.000000
352.056753,2521.857143,2521.857143,2521.857143,2521.857143
352.509764,2532.428571,2532.428571,2532.428571,2532.428571
352.962761,2557.285714,2557.285714,2557.285714,2557.285714
353.415744,2566.857143,2566.857143,2566.857143,2566.857143
353.868714,2580.428571,2580.428571,2580.428571,2580.428571
354.321671,2597.000000,2597.000000,2597.000000,2597.000000
354.774615,2607.428571,2607.428571,2607.428571,2607.428571
355.227545,2622.428571,2622.428571,2622.428571,2622.428571
355.680461,2638.571429,2638.571429,2638.571429,2638.571429
356.133364,2644.571429,2644.571429,2644.571429,2644.571429
356.586254,2659.142857,2659.142857,2659.142857,2659.142857
357.039130,2684.428571,2684.428571,2684.428571,2684.428571
357.491993,2723.428571,2723.428571,2723.428571,2723.428571
357.944843,2784.000000,2784.000000,2784.000000,2784.000000
358.397679,2885.000000,2885.000000,2885.000000,2885.000000
358.850501,3031.428571,3031.428571,3031.428571,3031.428571
359.303310,3274.000000,3274.000000,3274.000000,3274.000000
359.756105,3647.428571,3647.428571,3647.428571,3647.428571
360.208887,4200.285714,4200.285714,4200.285714,4200.285714
360.661656,5012.428571,5012.428571,5012.428571,5012.428571
361.114411,6223.428571,6223.428571,6223.428571,6223.428571
361.567152,7960.142857,7960.142857,7960.142857,7960.142857
362.019880,10378.571429,10378.571429,10378.571429,10378.571429
362.472594,13527.857143,13527.857143,13527.857143,13527.857143
362.925295,17294.000000,17294.000000,17294.000000,17294.000000
363.377982,21316.000000,21316.000000,21316.000000,21316.000000
363.830656,25127.857143,25127.857143,25127.857143,25127.857143
364.283316,28303.000000,28303.000000,28303.000000,28303.000000
364.735962,30328.714286,30328.714286,30328.714286,30328.714286
365.188595,30870.142857,30870.142857,30870.142857,30870.142857
365.641214,29748.285714,29748.285714,29748.285714,29748.285714
366.093820,27169.571429,27169.571429,27169.571429,27169.571429
366.546412,23615.142857,23615.142857,23615.142857,23615.142857
366.998990,19662.000000,19662.000000,19662.000000,19662.000000
367.451555,15737.571429,15737.571429,15737.571429,15737.571429
367.904106,12299.571429,12299.571429,12299.571429,12299.571429
368.356643,9539.285714,9539.285714,9539.285714,9539.285714
368.809167,7574.428571,7574.428571,7574.428571,7574.428571
369.261677,6251.857143,6251.857143,6251.857143,6251.857143
369.714173,5423.428571,5423.428571,5423.428571,5423.428571
370.166656,4906.714286,4906.714286,4906.714286,4906.714286
370.619125,4552.000000,4552.000000,4552.000000,4552.000000
371.071580,4295.285714,4295.285714,4295.285714,4295.285714
371.524021,4118.571429,4118.571429,4118.571429,4118.571429
371.976449,3974.285714,3974.285714,3974.285714,3974.285714
372.428863,3898.857143,3898.857143,3898.857143,3898.857143
372.881263,3850.571429,3850.571429,3850.571429,3850.571429
373.333650,3828.142857,3828.142857,3828.142857,3828.142857
373.786023,3846.142857,3846.142857,3846.142857,3846.142857
374.238381,3866.857143,3866.857143,3866.857143,3866.857143
374.690727,3890.000000,3890.000000,3890.000000,3890.000000
375.143058,3918.714286,3918.714286,3918.714286,3918.714286
375.595376,3948.000000,3948.000000,3948.000000,3948.000000
376.047679,3984.428571,3984.428571,3984.428571,3984.428571
376.499969,4017.714286,4017.714286,4017.714286,4017.714286
376.952245,4041.000000,4041.000000,4041.000000,4041.000000
377.404508,4072.142857,4072.142857,4072.142857,4072.142857
377.856756,4079.428571,4079.428571,4079.428571,4079.428571
378.308990,4110.000000,4110.000000,4110.000000,4110.000000
378.761211,4133.000000,4133.000000,4133.000000,4133.000000
379.213418,4161.000000,4161.000000,4161.000000,4161.000000
379.665611,4191.142857,4191.142857,4191.142857,4191.142857
380.117790,4218.428571,4218.428571,4218.428571,4218.428571
380.569955,4237.142857,4237.142857,4237.142857,4237.142857
381.022106,4283.142857,4283.142857,4283.142857,4283.142857
381.474244,4322.000000,4322.000000,4322.000000,4322.000000
381.926367,4353.571429,4353.571429,4353.571429,4353.571429
382.378476,4390.571429,4390.571429,4390.571429,4390.571429
382.830572,4431.857143,4431.857143,4431.857143,4431.857143
383.282653,4479.142857,4479.142857,4479.142857,4479.142857
383.734721,4524.571429,4524.571429,4524.571429,4524.571429
384.186775,4541.000000,4541.000000,4541.000000,4541.000000
384.638814,4565.428571,4565.428571,4565.428571,4565.428571
385.090840,4598.428571,4598.428571,4598.428571,4598.428571
385.542851,4626.428571,4626.428571,4626.428571,4626.428571
385.994849,4645.142857,4645.142857,4645.142857,4645.142857
386.446833,4659.714286,4659.714286,4659.714286,4659.714286
386.898802,4678.285714,4678.285714,4678.285714,4678.285714
387.350758,4717.000000,4717.000000,4717.000000,4717.000000
387.802699,4744.428571,4744.428571,4744.428571,4744.428571
388.254627,4773.142857,4773.142857,4773.142857,4773.142857
388.706540,4791.571429,4791.571429,4791.571429,4791.571429
389.158440,4807.714286,4807.714286,4807.714286,4807.714286
389.610325,4824.428571,4824.428571,4824.428571,4824.428571
390.062196,4840.714286,4840.714286,4840.714286,4840.714286
390.514053,4848.285714,4848.285714,4848.285714,4848.285714
390.965896,4849.571429,4849.571429,4849.571429,4849.571429
391.417725,4861.428571,4861.428571,4861.428571,4861.428571
391.869540,4879.142857,4879.142857,4879.142857,4879.142857
392.321340,4897.000000,4897.000000,4897.000000,4897.000000
392.773127,4910.857143,4910.857143,4910.857143,4910.857143
393.224899,4928.285714,4928.285714,4928.285714,4928.285714
393.676657,4939.285714,4939.285714,4939.285714,4939.285714
394.128401,4954.428571,4954.428571,4954.428571,4954.428571
394.580131,4968.714286,4968.714286,4968.714286,4968.714286
395.031847,4975.142857,4975.142857,4975.142857,4975.142857
395.483548,5003.571429,5003.571429,5003.571429,5003.571429
395.935235,5013.000000,5013.000000,5013.000000,5013.000000
396.386908,5028.857143,5028.857143,5028.857143,5028.857143
396.838567,5087.428571,5087.428571,5087.428571,5087.428571
397.290212,5153.714286,5153.714286,5153.714286,5153.714286
397.741842,5261.428571,5261.428571,5261.428571,5261.428571
398.193458,5461.285714,5461.285714,5461.285714,5461.285714
398.645060,5752.142857,5752.142857,5752.142857,5752.142857
399.096648,6210.285714,6210.285714,6210.285714,6210.285714
399.548221,6796.285714,6796.285714,6796.285714,6796.285714
399.999780,7568.142857,7568.142857,7568.142857,7568.142857
400.451325,8688.714286,8688.714286,8688.714286,8688.714286
400.902855,10327.000000,10327.000000,10327.000000,10327.000000
401.354372,12582.571429,12582.571429,12582.571429,12582.571429
401.805873,15361.857143,15361.857143,15361.857143,15361.857143
402.257361,18517.857143,18517.857143,18517.857143,18517.857143
402.708834,21813.285714,21813.285714,21813.285714,21813.285714
403.160293,24905.571429,24905.571429,24905.571429,24905.571429
403.611738,27471.857143,27471.857143,27471.857143,27471.857143
404.063168,29166.571429,29166.571429,29166.571429,29166.571429
404.514584,29710.285714,29710.285714,29710.285714,29710.285714
404.965985,29176.000000,29176.000000,29176.000000,29176.000000
405.417372,27872.142857,27872.142857,27872.142857,27872.142857
405.868745,26203.857143,26203.857143,26203.857143,26203.857143
406.320103,24486.142857,24486.142857,24486.142857,24486.142857
406.771447,22837.142857,22837.142857,22837.142857,22837.142857
407.222776,21248.285714,21248.285714,21248.285714,21248.285714
407.674091,19710.142857,19710.142857,19710.142857,19710.142857
408.125391,18167.428571,18167.428571,18167.428571,18167.428571
408.576678,16472.571429,16472.571429,16472.571429,16472.571429
409.027949,14644.714286,14644.714286,14644.714286,14644.714286
409.479206,12720.571429,12720.571429,12720.571429,12720.571429
409.930449,10805.857143,10805.857143,10805.857143,10805.857143
410.381677,9108.571429,9108.571429,9108.571429,9108.571429
410.832891,7770.571429,7770.571429,7770.571429,7770.571429
411.284090,6835.714286,6835.714286,6835.714286,6835.714286
411.735275,6240.142857,6240.142857,6240.142857,6240.142857
412.186445,5820.142857,5820.142857,5820.142857,5820.142857
412.637601,5517.142857,5517.142857,5517.142857,5517.142857
413.088742,5290.714286,5290.714286,5290.714286,5290.714286
413.539868,5078.142857,5078.142857,5078.142857,5078.142857
413.990980,4905.714286,4905.714286,4905.714286,4905.714286
414.442078,4746.857143,4746.857143,4746.857143,4746.857143
414.893161,4634.857143,4634.857143,4634.857143,4634.857143
415.344229,4564.857143,4564.857143,4564.857143,4564.857143
415.795283,4513.428571,4513.428571,4513.428571,4513.428571
416.246322,4466.000000,4466.000000,4466.000000,4466.000000
416.697346,4433.428571,4433.428571,4433.428571,4433.428571
417.148356,4392.285714,4392.285714,4392.285714,4392.285714
417.599352,4368.142857,4368.142857,4368.142857,4368.142857
418.050332,4355.571429,4355.571429,4355.571429,4355.571429
418.501298,4338.142857,4338.142857,4338.142857,4338.142857
418.952250,4315.571429,4315.571429,4315.571429,4315.571429
419.403186,4280.714286,4280.714286,4280.714286,4280.714286
419.854108,4243.428571,4243.428571,4243.428571,4243.428571
420.305016,4207.142857,4207.142857,4207.142857,4207.142857
420.755909,4185.285714,4185.285714,4185.285714,4185.285714
421.206787,4153.714286,4153.714286,4153.714286,4153.714286
421.657650,4117.142857,4117.142857,4117.142857,4117.142857
422.108498,4095.142857,4095.142857,4095.142857,4095.142857
422.559332,4075.285714,4075.285714,4075.285714,4075.285714
423.010151,4055.571429,4055.571429,4055.571429,4055.571429
423.460956,4040.142857,4040.142857,4040.142857,4040.142857
423.911745,4027.000000,4027.000000,4027.000000,4027.000000
424.362520,4016.857143,4016.857143,4016.857143,4016.857143
424.813280,4017.428571,4017.428571,4017.428571,4017.428571
425.264026,4007.571429,4007.571429,4007.571429,4007.571429
425.714756,4004.142857,4004.142857,4004.142857,4004.142857
426.165472,4003.000000,4003.000000,4003.000000,4003.000000
426.616173,3995.285714,3995.285714,3995.285714,3995.285714
427.066859,3999.857143,3999.857143,3999.857143,3999.857143
427.517531,4034.285714,4034.285714,4034.285714,4034.285714
427.968187,4097.714286,4097.714286,4097.714286,4097.714286
428.418829,4230.571429,4230.571429,4230.571429,4230.571429
428.869456,4496.142857,4496.142857,4496.142857,4496.142857
429.320068,4975.000000,4975.000000,4975.000000,4975.000000
429.770665,5704.857143,5704.857143,5704.857143,5704.857143
430.221247,6743.142857,6743.142857,6743.142857,6743.142857
430.671815,8118.714286,8118.714286,8118.714286,8118.714286
431.122367,9905.000000,9905.000000,9905.000000,9905.000000
431.572905,12279.000000,12279.000000,12279.000000,12279.000000
432.023427,15594.857143,15594.857143,15594.857143,15594.857143
432.473935,20322.857143,20322.857143,20322.857143,20322.857143
432.924428,26503.714286,26503.714286,26503.714286,26503.714286
433.374906,33610.285714,33610.285714,33610.285714,33610.285714
433.825369,40666.714286,40666.714286,40666.714286,40666.714286
434.275817,47099.428571,47099.428571,47099.428571,47099.428571
434.726250,52354.857143,52354.857143,52354.857143,52354.857143
435.176668,55569.285714,55569.285714,55569.285714,55569.285714
435.627072,55452.285714,55452.285714,55452.285714,55452.285714
436.077460,51639.142857,51639.142857,51639.142857,51639.142857
436.527833,45193.000000,45193.000000,45193.000000,45193.000000
436.978191,37933.000000,37933.000000,37933.000000,37933.000000
437.428534,30765.428571,30765.428571,30765.428571,30765.428571
437.878862,24165.142857,24165.142857,24165.142857,24165.142857
438.329176,18589.428571,18589.428571,18589.428571,18589.428571
438.779474,14852.571429,14852.571429,14852.571429,14852.571429
439.229757,13253.714286,13253.714286,13253.714286,13253.714286
439.680025,13205.000000,13205.000000,13205.000000,13205.000000
440.130278,13779.428571,13779.428571,13779.428571,13779.428571
440.580515,14490.142857,14490.142857,14490.142857,14490.142857
441.030738,15067.428571,15067.428571,15067.428571,15067.428571
441.480946,15368.857143,15368.857143,15368.857143,15368.857143
441.931138,15244.000000,15244.000000,15244.000000,15244.000000
442.381316,14646.285714,14646.285714,14646.285714,14646.285714
442.831478,13669.714286,13669.714286,13669.714286,13669.714286
443.281626,12400.428571,12400.428571,12400.428571,12400.428571
443.731758,10886.285714,10886.285714,10886.285714,10886.285714
444.181875,9268.142857,9268.142857,9268.142857,9268.142857
444.631976,7769.000000,7769.000000,7769.000000,7769.000000
445.082063,6495.000000,6495.000000,6495.000000,6495.000000
445.532135,5532.428571,5532.428571,5532.428571,5532.428571
445.982191,4768.428571,4768.428571,4768.428571,4768.428571
446.432232,4159.000000,4159.000000,4159.000000,4159.000000
446.882258,3740.571429,3740.571429,3740.571429,3740.571429
447.332269,3516.142857,3516.142857,3516.142857,3516.142857
447.782264,3387.428571,3387.428571,3387.428571,3387.428571
448.232244,3310.571429,3310.571429,3310.571429,3310.571429
448.682209,3256.428571,3256.428571,3256.428571,3256.428571
449.132159,3211.571429,3211.571429,3211.571429,3211.571429
449.582094,3179.428571,3179.428571,3179.428571,3179.428571
450.032013,3152.428571,3152.428571,3152.428571,3152.428571
450.481917,3116.000000,3116.000000,3116.000000,3116.000000
450.931806,3090.000000,3090.000000,3090.000000,3090.000000
451.381679,3070.714286,3070.714286,3070.714286,3070.714286
451.831538,3054.857143,3054.857143,3054.857143,3054.857143
452.281381,3038.714286,3038.714286,3038.714286,3038.714286
452.731208,3027.000000,3027.000000,3027.000000,3027.000000
453.181020,3014.000000,3014.000000,3014.000000,3014.000000
453.630817,3000.142857,3000.142857,3000.142857,3000.142857
454.080599,2984.571429,2984.571429,2984.571429,2984.571429
454.530365,2979.285714,2979.285714,2979.285714,2979.285714
454.980116,2963.142857,2963.142857,2963.142857,2963.142857
455.429852,2957.571429,2957.571429,2957.571429,2957.571429
455.879572,2951.571429,2951.571429,2951.571429,2951.571429
456.329277,2942.428571,2942.428571,2942.428571,2942.428571
456.778966,2939.428571,2939.428571,2939.428571,2939.428571
457.228640,2938.714286,2938.714286,2938.714286,2938.714286
457.678299,2938.000000,2938.000000,2938.000000,2938.000000
458.127942,2936.428571,2936.428571,2936.428571,2936.428571
458.577570,2931.000000,2931.000000,2931.000000,2931.000000
459.027182,2920.571429,2920.571429,2920.571429,2920.571429
459.476779,2911.571429,2911.571429,2911.571429,2911.571429
459.926360,2901.000000,2901.000000,2901.000000,2901.000000
460.375926,2886.857143,2886.857143,2886.857143,2886.857143
460.825477,2866.428571,2866.428571,2866.428571,2866.428571
461.275012,2843.000000,2843.000000,2843.000000,2843.000000
461.724531,2825.571429,2825.571429,2825.571429,2825.571429
462.174035,2812.000000,2812.000000,2812.000000,2812.000000
462.623524,2796.428571,2796.428571,2796.428571,2796.428571
463.072997,2781.000000,2781.000000,2781.000000,2781.000000
463.522454,2764.142857,2764.142857,2764.142857,2764.142857
463.971896,2751.714286,2751.714286,2751.714286,2751.714286
464.421323,2741.428571,2741.428571,2741.428571,2741.428571
464.870734,2732.000000,2732.000000,2732.000000,2732.000000
465.320129,2718.000000,2718.000000,2718.000000,2718.000000
465.769509,2704.428571,2704.428571,2704.428571,2704.428571
466.218873,2696.571429,2696.571429,2696.571429,2696.571429
466.668222,2690.285714,2690.285714,2690.285714,2690.285714
467.117555,2679.571429,2679.571429,2679.571429,2679.571429
467.566872,2672.857143,2672.857143,2672.857143,2672.857143
468.016174,2662.000000,2662.000000,2662.000000,2662.000000
468.465460,2657.857143,2657.857143,2657.857143,2657.857143
468.914731,2651.000000,2651.000000,2651.000000,2651.000000
469.363986,2643.285714,2643.285714,2643.285714,2643.285714
469.813225,2633.000000,2633.000000,2633.000000,2633.000000
470.262449,2621.857143,2621.857143,2621.857143,2621.857143
470.711657,2620.714286,2620.714286,2620.714286,2620.714286
471.160849,2615.285714,2615.285714,2615.285714,2615.285714
471.610026,2608.000000,2608.000000,2608.000000,2608.000000
472.059186,2604.000000,2604.000000,2604.000000,2604.000000
472.508332,2597.857143,2597.857143,2597.857143,2597.857143
472.957461,2592.428571,2592.428571,2592.428571,2592.428571
473.406575,2592.000000,2592.000000,2592.000000,2592.000000
473.855673,2581.428571,2581.428571,2581.428571,2581.428571
474.304756,2571.142857,2571.142857,2571.142857,2571.142857
474.753822,2564.857143,2564.857143,2564.857143,2564.857143
475.202873,2561.857143,2561.857143,2561.857143,2561.857143
475.651908,2551.428571,2551.428571,2551.428571,2551.428571
476.100928,2544.714286,2544.714286,2544.714286,2544.714286
476.549931,2535.857143,2535.857143,2535.857143,2535.857143
476.998919,2530.714286,2530.714286,2530.714286,2530.714286
477.447891,2522.428571,2522.428571,2522.428571,2522.428571
477.896847,2504.142857,2504.142857,2504.142857,2504.142857
478.345787,2489.857143,2489.857143,2489.857143,2489.857143
478.794712,2475.714286,2475.714286,2475.714286,2475.714286
479.243621,2464.571429,2464.571429,2464.571429,2464.571429
479.692514,2451.000000,2451.000000,2451.000000,2451.000000
480.141391,2439.285714,2439.285714,2439.285714,2439.285714
480.590252,2433.857143,2433.857143,2433.857143,2433.857143
481.039097,2430.142857,2430.142857,2430.142857,2430.142857
481.487927,2422.571429,2422.571429,2422.571429,2422.571429
481.936740,2422.000000,2422.000000,2422.000000,2422.000000
482.385538,2416.428571,2416.428571,2416.428571,2416.428571
482.834320,2421.714286,2421.714286,2421.714286,2421.714286
483.283086,2421.285714,2421.285714,2421.285714,2421.285714
483.731836,2418.857143,2418.857143,2418.857143,2418.857143
484.180570,2421.428571,2421.428571,2421.428571,2421.428571
484.629288,2423.285714,2423.285714,2423.285714,2423.285714
485.077990,2421.714286,2421.714286,2421.714286,2421.714286
485.526676,2424.142857,2424.142857,2424.142857,2424.142857
485.975346,2421.428571,2421.428571,2421.428571,2421.428571
486.424001,2424.714286,2424.714286,2424.714286,2424.714286
486.872639,2420.571429,2420.571429,2420.571429,2420.571429
487.321261,2425.857143,2425.857143,2425.857143,2425.857143
487.769868,2435.857143,2435.857143,2435.857143,2435.857143
488.218458,2451.285714,2451.285714,2451.285714,2451.285714
488.667032,2458.857143,2458.857143,2458.857143,2458.857143
489.115590,2471.142857,2471.142857,2471.142857,2471.142857
489.564133,2485.285714,2485.285714,2485.285714,2485.285714
490.012659,2492.571429,2492.571429,2492.571429,2492.571429
490.461169,2501.142857,2501.142857,2501.142857,2501.142857
490.909663,2502.714286,2502.714286,2502.714286,2502.714286
491.358141,2492.000000,2492.000000,2492.000000,2492.000000
491.806603,2491.142857,2491.142857,2491.142857,2491.142857
492.255049,2479.000000,2479.000000,2479.000000,2479.000000
492.703479,2456.714286,2456.714286,2456.714286,2456.714286
493.151892,2442.571429,2442.571429,2442.571429,2442.571429
493.600290,2420.857143,2420.857143,2420.857143,2420.857143
494.048671,2400.142857,2400.142857,2400.142857,2400.142857
494.497037,2388.142857,2388.142857,2388.142857,2388.142857
494.945386,2372.714286,2372.714286,2372.714286,2372.714286
495.393719,2361.714286,2361.714286,2361.714286,2361.714286
495.842036,2352.857143,2352.857143,2352.857143,2352.857143
496.290337,2349.428571,2349.428571,2349.428571,2349.428571
496.738621,2344.285714,2344.285714,2344.285714,2344.285714
497.186889,2340.000000,2340.000000,2340.000000,2340.000000
497.635142,2335.857143,2335.857143,2335.857143,2335.857143
498.083378,2325.142857,2325.142857,2325.142857,2325.142857
498.531597,2315.428571,2315.428571,2315.428571,2315.428571
498.979801,2313.714286,2313.714286,2313.714286,2313.714286
499.427988,2311.000000,2311.000000,2311.000000,2311.000000
499.876159,2305.285714,2305.285714,2305.285714,2305.285714
500.324314,2293.571429,2293.571429,2293.571429,2293.571429
500.772453,2296.142857,2296.142857,2296.142857,2296.142857
501.220575,2299.857143,2299.857143,2299.857143,2299.857143
501.668681,2301.857143,2301.857143,2301.857143,2301.857143
502.116771,2299.857143,2299.857143,2299.857143,2299.857143
502.564844,2287.714286,2287.714286,2287.714286,2287.714286
503.012902,2285.571429,2285.571429,2285.571429,2285.571429
503.460942,2289.714286,2289.714286,2289.714286,2289.714286
503.908967,2281.285714,2281.285714,2281.285714,2281.285714
504.356975,2277.428571,2277.428571,2277.428571,2277.428571
504.804967,2276.857143,2276.857143,2276.857143,2276.857143
505.252943,2273.714286,2273.714286,2273.714286,2273.714286
505.700902,2283.714286,2283.714286,2283.714286,2283.714286
506.148845,2278.571429,2278.571429,2278.571429,2278.571429
506.596771,2278.714286,2278.714286,2278.714286,2278.714286
507.044682,2277.000000,2277.000000,2277.000000,2277.000000
507.492575,2275.428571,2275.428571,2275.428571,2275.428571
507.940453,2271.285714,2271.285714,2271.285714,2271.285714
508.388314,2271.571429,2271.571429,2271.571429,2271.571429
508.836158,2268.285714,2268.285714,2268.285714,2268.285714
509.283986,2267.714286,2267.714286,2267.714286,2267.714286
509.731798,2265.428571,2265.428571,2265.428571,2265.428571
510.179593,2261.714286,2261.714286,2261.714286,2261.714286
510.627372,2264.142857,2264.142857,2264.142857,2264.142857
511.075135,2263.857143,2263.857143,2263.857143,2263.857143
511.522880,2251.285714,2251.285714,2251.285714,2251.285714
511.970610,2246.714286,2246.714286,2246.714286,2246.714286
512.418323,2243.428571,2243.428571,2243.428571,2243.428571
512.866019,2246.142857,2246.142857,2246.142857,2246.142857
513.313699,2250.857143,2250.857143,2250.857143,2250.857143
513.761363,2245.714286,2245.714286,2245.714286,2245.714286
514.209010,2246.000000,2246.000000,2246.000000,2246.000000
514.656640,2254.142857,2254.142857,2254.142857,2254.142857
515.104254,2257.714286,2257.714286,2257.714286,2257.714286
515.551851,2262.428571,2262.428571,2262.428571,2262.428571
515.999432,2261.285714,2261.285714,2261.285714,2261.285714
516.446996,2256.857143,2256.857143,2256.857143,2256.857143
516.894544,2257.714286,2257.714286,2257.714286,2257.714286
517.342075,2256.714286,2256.714286,2256.714286,2256.714286
517.789590,2257.000000,2257.000000,2257.000000,2257.000000
518.237088,2261.857143,2261.857143,2261.857143,2261.857143
518.684569,2260.714286,2260.714286,2260.714286,2260.714286
519.132034,2256.571429,2256.571429,2256.571429,2256.571429
519.579482,2252.857143,2252.857143,2252.857143,2252.857143
520.026913,2249.857143,2249.857143,2249.857143,2249.857143
520.474328,2248.857143,2248.857143,2248.857143,2248.857143
520.921726,2253.714286,2253.714286,2253.714286,2253.714286
521.369108,2245.428571,2245.428571,2245.428571,2245.428571
521.816472,2249.571429,2249.571429,2249.571429,2249.571429
522.263821,2250.285714,2250.285714,2250.285714,2250.285714
522.711152,2257.285714,2257.285714,2257.285714,2257.285714
523.158467,2262.571429,2262.571429,2262.571429,2262.571429
523.605765,2262.428571,2262.428571,2262.428571,2262.428571
524.053046,2265.142857,2265.142857,2265.142857,2265.142857
524.500311,2268.857143,2268.857143,2268.857143,2268.857143
524.947559,2267.571429,2267.571429,2267.571429,2267.571429
525.394790,2267.142857,2267.142857,2267.142857,2267.142857
525.842005,2263.857143,2263.857143,2263.857143,2263.857143
526.289202,2264.142857,2264.142857,2264.142857,2264.142857
526.736383,2264.857143,2264.857143,2264.857143,2264.857143
527.183547,2264.428571,2264.428571,2264.428571,2264.428571
527.630695,2271.714286,2271.714286,2271.714286,2271.714286
528.077825,2273.428571,2273.428571,2273.428571,2273.428571
528.524939,2274.714286,2274.714286,2274.714286,2274.714286
528.972036,2283.428571,2283.428571,2283.428571,2283.428571
529.419116,2282.857143,2282.857143,2282.857143,2282.857143
529.866180,2285.571429,2285.571429,2285.571429,2285.571429
530.313226,2281.285714,2281.285714,2281.285714,2281.285714
530.760256,2275.000000,2275.000000,2275.000000,2275.000000
531.207269,2270.857143,2270.857143,2270.857143,2270.857143
531.654265,2272.571429,2272.571429,2272.571429,2272.571429
532.101244,2263.857143,2263.857143,2263.857143,2263.857143
532.548206,2270.857143,2270.857143,2270.857143,2270.857143
532.995151,2275.428571,2275.428571,2275.428571,2275.428571
533.442080,2272.857143,2272.857143,2272.857143,2272.857143
533.888991,2269.142857,2269.142857,2269.142857,2269.142857
534.335886,2275.571429,2275.571429,2275.571429,2275.571429
534.782764,2283.000000,2283.000000,2283.000000,2283.000000
535.229624,2293.571429,2293.571429,2293.571429,2293.571429
535.676468,2297.142857,2297.142857,2297.142857,2297.142857
536.123295,2309.000000,2309.000000,2309.000000,2309.000000
536.570105,2338.714286,2338.714286,2338.714286,2338.714286
537.016898,2392.428571,2392.428571,2392.428571,2392.428571
537.463674,2475.714286,2475.714286,2475.714286,2475.714286
537.910433,2618.714286,2618.714286,2618.714286,2618.714286
538.357175,2857.571429,2857.571429,2857.571429,2857.571429
538.803900,3241.571429,3241.571429,3241.571429,3241.571429
539.250608,3810.714286,3810.714286,3810.714286,3810.714286
539.697299,4632.142857,4632.142857,4632.142857,4632.142857
540.143973,5761.714286,5761.714286,5761.714286,5761.714286
540.590630,7273.714286,7273.714286,7273.714286,7273.714286
541.037270,9208.285714,9208.285714,9208.285714,9208.285714
541.483893,11633.142857,11633.142857,11633.142857,11633.142857
541.930498,14639.857143,14639.857143,14639.857143,14639.857143
542.377087,18381.000000,18381.000000,18381.000000,18381.000000
542.823659,23169.000000,23169.000000,23169.000000,23169.000000
543.270213,28705.142857,28705.142857,28705.142857,28705.142857
543.716751,34214.142857,34214.142857,34214.142857,34214.142857
544.163271,39371.428571,39371.428571,39371.428571,39371.428571
544.609774,43756.285714,43756.285714,43756.285714,43756.285714
545.056260,47080.857143,47080.857143,47080.857143,47080.857143
545.502729,48836.000000,48836.000000,48836.000000,48836.000000
545.949181,48275.857143,48275.857143,48275.857143,48275.857143
546.395616,45757.285714,45757.285714,45757.285714,45757.285714
546.842033,42215.714286,42215.714286,42215.714286,42215.714286
547.288434,38045.428571,38045.428571,38045.428571,38045.428571
547.734817,33590.142857,33590.142857,33590.142857,33590.142857
548.181183,29068.428571,29068.428571,29068.428571,29068.428571
548.627532,24723.428571,24723.428571,24723.428571,24723.428571
549.073863,21055.857143,21055.857143,21055.857143,21055.857143
549.520178,18061.285714,18061.285714,18061.285714,18061.285714
549.966475,15568.857143,15568.857143,15568.857143,15568.857143
550.412755,13475.142857,13475.142857,13475.142857,13475.142857
550.859018,11767.142857,11767.142857,11767.142857,11767.142857
551.305263,10386.142857,10386.142857,10386.142857,10386.142857
551.751491,9407.428571,9407.428571,9407.428571,9407.428571
552.197702,8690.571429,8690.571429,8690.571429,8690.571429
552.643896,8108.000000,8108.000000,8108.000000,8108.000000
553.090072,7590.571429,7590.571429,7590.571429,7590.571429
553.536231,7107.285714,7107.285714,7107.285714,7107.285714
553.982373,6667.428571,6667.428571,6667.428571,6667.428571
554.428497,6251.857143,6251.857143,6251.857143,6251.857143
554.874605,5872.285714,5872.285714,5872.285714,5872.285714
555.320694,5547.857143,5547.857143,5547.857143,5547.857143
555.766767,5290.285714,5290.285714,5290.285714,5290.285714
556.212822,5087.714286,5087.714286,5087.714286,5087.714286
556.658860,4950.142857,4950.142857,4950.142857,4950.142857
557.104880,4842.000000,4842.000000,4842.000000,4842.000000
557.550883,4788.142857,4788.142857,4788.142857,4788.142857
557.996869,4742.000000,4742.000000,4742.000000,4742.000000
558.442837,4693.571429,4693.571429,4693.571429,4693.571429
558.888788,4643.285714,4643.285714,4643.285714,4643.285714
559.334722,4578.428571,4578.428571,4578.428571,4578.428571
559.780638,4489.285714,4489.285714,4489.285714,4489.285714
560.226537,4398.857143,4398.857143,4398.857143,4398.857143
560.672418,4290.571429,4290.571429,4290.571429,4290.571429
561.118282,4198.857143,4198.857143,4198.857143,4198.857143
561.564128,4093.285714,4093.285714,4093.285714,4093.285714
562.009957,3961.571429,3961.571429,3961.571429,3961.571429
562.455768,3816.285714,3816.285714,3816.285714,3816.285714
562.901562,3657.857143,3657.857143,3657.857143,3657.857143
563.347339,3482.285714,3482.285714,3482.285714,3482.285714
563.793098,3285.571429,3285.571429,3285.571429,3285.571429
564.238839,3089.142857,3089.142857,3089.142857,3089.142857
564.684563,2914.285714,2914.285714,2914.285714,2914.285714
565.130270,2770.000000,2770.000000,2770.000000,2770.000000
565.575959,2663.142857,2663.142857,2663.142857,2663.142857
566.021630,2593.000000,2593.000000,2593.000000,2593.000000
566.467284,2552.714286,2552.714286,2552.714286,2552.714286
566.912920,2541.571429,2541.571429,2541.571429,2541.571429
567.358539,2540.000000,2540.000000,2540.000000,2540.000000
567.804140,2545.428571,2545.428571,2545.428571,2545.428571
568.249723,2560.857143,2560.857143,2560.857143,2560.857143
568.695289,2588.428571,2588.428571,2588.428571,2588.428571
569.140838,2639.142857,2639.142857,2639.142857,2639.142857
569.586369,2722.142857,2722.142857,2722.142857,2722.142857
570.031882,2848.571429,2848.571429,2848.571429,2848.571429
570.477377,3027.428571,3027.428571,3027.428571,3027.428571
570.922855,3293.428571,3293.428571,3293.428571,3293.428571
571.368315,3682.571429,3682.571429,3682.571429,3682.571429
571.813758,4220.285714,4220.285714,4220.285714,4220.285714
572.259183,4940.142857,4940.142857,4940.142857,4940.142857
572.704590,5858.714286,5858.714286,5858.714286,5858.714286
573.149980,7044.857143,7044.857143,7044.857143,7044.857143
573.595352,8629.142857,8629.142857,8629.142857,8629.142857
574.040706,10536.000000,10536.000000,10536.000000,10536.000000
574.486042,12596.714286,12596.714286,12596.714286,12596.714286
574.931361,14679.428571,14679.428571,14679.428571,14679.428571
575.376662,16783.285714,16783.285714,16783.285714,16783.285714
575.821946,18935.714286,18935.714286,18935.714286,18935.714286
576.267211,20813.428571,20813.428571,20813.428571,20813.428571
576.712459,22073.714286,22073.714286,22073.714286,22073.714286
577.157689,22679.142857,22679.142857,22679.142857,22679.142857
577.602901,22783.142857,22783.142857,22783.142857,22783.142857
578.048096,22490.285714,22490.285714,22490.285714,22490.285714
578.493273,21679.714286,21679.714286,21679.714286,21679.714286
578.938432,20237.857143,20237.857143,20237.857143,20237.857143
579.383573,18494.857143,18494.857143,18494.857143,18494.857143
579.828696,16732.857143,16732.857143,16732.857143,16732.857143
580.273802,15067.285714,15067.285714,15067.285714,15067.285714
580.718889,13509.142857,13509.142857,13509.142857,13509.142857
581.163959,12031.285714,12031.285714,12031.285714,12031.285714
581.609011,10747.857143,10747.857143,10747.857143,10747.857143
582.054046,9733.428571,9733.428571,9733.428571,9733.428571
582.499062,8903.428571,8903.428571,8903.428571,8903.428571
582.944060,8166.714286,8166.714286,8166.714286,8166.714286
583.389041,7503.714286,7503.714286,7503.714286,7503.714286
583.834004,6893.714286,6893.714286,6893.714286,6893.714286
584.278948,6363.142857,6363.142857,6363.142857,6363.142857
584.723875,5904.142857,5904.142857,5904.142857,5904.142857
585.168784,5499.142857,5499.142857,5499.142857,5499.142857
585.613675,5144.285714,5144.285714,5144.285714,5144.285714
586.058548,4866.428571,4866.428571,4866.428571,4866.428571
586.503403,4644.000000,4644.000000,4644.000000,4644.000000
586.948241,4455.285714,4455.285714,4455.285714,4455.285714
587.393060,4297.571429,4297.571429,4297.571429,4297.571429
587.837861,4150.142857,4150.142857,4150.142857,4150.142857
588.282645,4009.000000,4009.000000,4009.000000,4009.000000
588.727410,3878.000000,3878.000000,3878.000000,3878.000000
589.172157,3752.142857,3752.142857,3752.142857,3752.142857
589.616886,3633.285714,3633.285714,3633.285714,3633.285714
590.061598,3523.857143,3523.857143,3523.857143,3523.857143
590.506291,3425.857143,3425.857143,3425.857143,3425.857143
590.950966,3336.571429,3336.571429,3336.571429,3336.571429
591.395624,3258.142857,3258.142857,3258.142857,3258.142857
591.840263,3199.000000,3199.000000,3199.000000,3199.000000
592.284884,3134.285714,3134.285714,3134.285714,3134.285714
592.729487,3086.428571,3086.428571,3086.428571,3086.428571
593.174072,3048.714286,3048.714286,3048.714286,3048.714286
593.618639,3013.857143,3013.857143,3013.857143,3013.857143
594.063187,2983.142857,2983.142857,2983.142857,2983.142857
594.507718,2951.428571,2951.428571,2951.428571,2951.428571
594.952231,2914.428571,2914.428571,2914.428571,2914.428571
595.396725,2871.285714,2871.285714,2871.285714,2871.285714
595.841202,2824.142857,2824.142857,2824.142857,2824.142857
596.285660,2767.285714,2767.285714,2767.285714,2767.285714
596.730100,2714.285714,2714.285714,2714.285714,2714.285714
597.174522,2651.285714,2651.285714,2651.285714,2651.285714
597.618925,2595.714286,2595.714286,2595.714286,2595.714286
598.063311,2543.571429,2543.571429,2543.571429,2543.571429
598.507678,2503.428571,2503.428571,2503.428571,2503.428571
598.952028,2469.000000,2469.000000,2469.000000,2469.000000
599.396359,2452.428571,2452.428571,2452.428571,2452.428571
599.840671,2430.857143,2430.857143,2430.857143,2430.857143
600.284966,2425.285714,2425.285714,2425.285714,2425.285714
600.729242,2417.714286,2417.714286,2417.714286,2417.714286
601.173501,2417.285714,2417.285714,2417.285714,2417.285714
601.617740,2412.714286,2412.714286,2412.714286,2412.714286
602.061962,2401.857143,2401.857143,2401.857143,2401.857143
602.506165,2392.428571,2392.428571,2392.428571,2392.428571
602.950351,2383.571429,2383.571429,2383.571429,2383.571429
603.394517,2369.142857,2369.142857,2369.142857,2369.142857
603.838666,2369.428571,2369.428571,2369.428571,2369.428571
604.282796,2360.571429,2360.571429,2360.571429,2360.571429
604.726908,2359.000000,2359.000000,2359.000000,2359.000000
605.171002,2362.000000,2362.000000,2362.000000,2362.000000
605.615077,2358.571429,2358.571429,2358.571429,2358.571429
606.059134,2359.000000,2359.000000,2359.000000,2359.000000
606.503173,2365.428571,2365.428571,2365.428571,2365.428571
606.947193,2368.142857,2368.142857,2368.142857,2368.142857
607.391195,2372.285714,2372.285714,2372.285714,2372.285714
607.835179,2379.714286,2379.714286,2379.714286,2379.714286
608.279144,2377.142857,2377.142857,2377.142857,2377.142857
608.723091,2373.142857,2373.142857,2373.142857,2373.142857
609.167019,2375.857143,2375.857143,2375.857143,2375.857143
609.610929,2373.285714,2373.285714,2373.285714,2373.285714
610.054821,2356.428571,2356.428571,2356.428571,2356.428571
610.498694,2351.714286,2351.714286,2351.714286,2351.714286
610.942549,2341.714286,2341.714286,2341.714286,2341.714286
611.386385,2347.571429,2347.571429,2347.571429,2347.571429
611.830203,2348.000000,2348.000000,2348.000000,2348.000000
612.274003,2346.142857,2346.142857,2346.142857,2346.142857
612.717784,2345.285714,2345.285714,2345.285714,2345.285714
613.161546,2354.857143,2354.857143,2354.857143,2354.857143
613.605290,2350.857143,2350.857143,2350.857143,2350.857143
614.049016,2353.142857,2353.142857,2353.142857,2353.142857
614.492723,2340.857143,2340.857143,2340.857143,2340.857143
614.936411,2331.285714,2331.285714,2331.285714,2331.285714
615.380081,2323.571429,2323.571429,2323.571429,2323.571429
615.823733,2311.857143,2311.857143,2311.857143,2311.857143
616.267366,2304.714286,2304.714286,2304.714286,2304.714286
616.710980,2298.285714,2298.285714,2298.285714,2298.285714
617.154576,2294.285714,2294.285714,2294.285714,2294.285714
617.598153,2290.714286,2290.714286,2290.714286,2290.714286
618.041712,2294.571429,2294.571429,2294.571429,2294.571429
618.485252,2298.142857,2298.142857,2298.142857,2298.142857
618.928774,2302.285714,2302.285714,2302.285714,2302.285714
619.372277,2298.857143,2298.857143,2298.857143,2298.857143
619.815761,2302.571429,2302.571429,2302.571429,2302.571429
620.259227,2297.142857,2297.142857,2297.142857,2297.142857
620.702674,2292.000000,2292.000000,2292.000000,2292.000000
621.146103,2288.428571,2288.428571,2288.428571,2288.428571
621.589513,2281.571429,2281.571429,2281.571429,2281.571429
622.032904,2279.142857,2279.142857,2279.142857,2279.142857
622.476277,2276.714286,2276.714286,2276.714286,2276.714286
622.919631,2275.000000,2275.000000,2275.000000,2275.000000
623.362966,2277.428571,2277.428571,2277.428571,2277.428571
623.806283,2274.857143,2274.857143,2274.857143,2274.857143
624.249581,2275.571429,2275.571429,2275.571429,2275.571429
624.692860,2273.142857,2273.142857,2273.142857,2273.142857
625.136120,2271.714286,2271.714286,2271.714286,2271.714286
625.579362,2268.857143,2268.857143,2268.857143,2268.857143
626.022585,2263.285714,2263.285714,2263.285714,2263.285714
626.465789,2257.428571,2257.428571,2257.428571,2257.428571
626.908975,2261.714286,2261.714286,2261.714286,2261.714286
627.352142,2255.285714,2255.285714,2255.285714,2255.285714
627.795290,2252.714286,2252.714286,2252.714286,2252.714286
628.238419,2254.857143,2254.857143,2254.857143,2254.857143
628.681530,2256.285714,2256.285714,2256.285714,2256.285714
629.124621,2257.571429,2257.571429,2257.571429,2257.571429
629.567694,2261.428571,2261.428571,2261.428571,2261.428571
630.010749,2259.857143,2259.857143,2259.857143,2259.857143
630.453784,2260.428571,2260.428571,2260.428571,2260.428571
630.896800,2264.000000,2264.000000,2264.000000,2264.000000
631.339798,2261.428571,2261.428571,2261.428571,2261.428571
631.782777,2261.571429,2261.571429,2261.571429,2261.571429
632.225737,2243.285714,2243.285714,2243.285714,2243.285714
632.668678,2235.285714,2235.285714,2235.285714,2235.285714
633.111600,2237.285714,2237.285714,2237.285714,2237.285714
633.554504,2232.571429,2232.571429,2232.571429,2232.571429
633.997388,2230.428571,2230.428571,2230.428571,2230.428571
634.440254,2227.571429,2227.571429,2227.571429,2227.571429
634.883100,2230.428571,2230.428571,2230.428571,2230.428571
635.325928,2246.000000,2246.000000,2246.000000,2246.000000
635.768737,2249.714286,2249.714286,2249.714286,2249.714286
636.211527,2247.000000,2247.000000,2247.000000,2247.000000
636.654298,2251.857143,2251.857143,2251.857143,2251.857143
637.097050,2250.142857,2250.142857,2250.142857,2250.142857
637.539783,2246.571429,2246.571429,2246.571429,2246.571429
637.982497,2243.000000,2243.000000,2243.000000,2243.000000
638.425192,2248.285714,2248.285714,2248.285714,2248.285714
638.867869,2250.142857,2250.142857,2250.142857,2250.142857
639.310526,2255.000000,2255.000000,2255.000000,2255.000000
639.753164,2257.714286,2257.714286,2257.714286,2257.714286
640.195783,2263.571429,2263.571429,2263.571429,2263.571429
640.638383,2267.857143,2267.857143,2267.857143,2267.857143
641.080964,2267.428571,2267.428571,2267.428571,2267.428571
641.523527,2263.571429,2263.571429,2263.571429,2263.571429
641.966070,2263.142857,2263.142857,2263.142857,2263.142857
642.408594,2255.428571,2255.428571,2255.428571,2255.428571
642.851099,2257.000000,2257.000000,2257.000000,2257.000000
643.293585,2254.571429,2254.571429,2254.571429,2254.571429
643.736051,2250.714286,2250.714286,2250.714286,2250.714286
644.178499,2251.571429,2251.571429,2251.571429,2251.571429
644.620928,2248.285714,2248.285714,2248.285714,2248.285714
645.063337,2246.000000,2246.000000,2246.000000,2246.000000
645.505728,2245.142857,2245.142857,2245.142857,2245.142857
645.948099,2248.428571,2248.428571,2248.428571,2248.428571
646.390451,2243.428571,2243.428571,2243.428571,2243.428571
646.832784,2247.142857,2247.142857,2247.142857,2247.142857
647.275098,2251.142857,2251.142857,2251.142857,2251.142857
647.717393,2256.142857,2256.142857,2256.142857,2256.142857
648.159668,2260.571429,2260.571429,2260.571429,2260.571429
648.601925,2265.714286,2265.714286,2265.714286,2265.714286
649.044162,2255.285714,2255.285714,2255.285714,2255.285714
649.486380,2256.714286,2256.714286,2256.714286,2256.714286
649.928579,2259.857143,2259.857143,2259.857143,2259.857143
650.370758,2255.857143,2255.857143,2255.857143,2255.857143
650.812919,2253.571429,2253.571429,2253.571429,2253.571429
651.255060,2250.428571,2250.428571,2250.428571,2250.428571
651.697182,2248.571429,2248.571429,2248.571429,2248.571429
652.139284,2252.714286,2252.714286,2252.714286,2252.714286
652.581368,2254.142857,2254.142857,2254.142857,2254.142857
653.023432,2251.285714,2251.285714,2251.285714,2251.285714
653.465477,2249.714286,2249.714286,2249.714286,2249.714286
653.907502,2238.142857,2238.142857,2238.142857,2238.142857
654.349509,2229.571429,2229.571429,2229.571429,2229.571429
654.791496,2231.428571,2231.428571,2231.428571,2231.428571
655.233463,2229.714286,2229.714286,2229.714286,2229.714286
655.675412,2256.857143,2256.857143,2256.857143,2256.857143
656.117341,2258.142857,2258.142857,2258.142857,2258.142857
656.559251,2255.285714,2255.285714,2255.285714,2255.285714
657.001141,2269.142857,2269.142857,2269.142857,2269.142857
657.443012,2276.571429,2276.571429,2276.571429,2276.571429
657.884864,2281.000000,2281.000000,2281.000000,2281.000000
658.326696,2283.285714,2283.285714,2283.285714,2283.285714
658.768509,2253.000000,2253.000000,2253.000000,2253.000000
659.210302,2252.000000,2252.000000,2252.000000,2252.000000
659.652077,2263.714286,2263.714286,2263.714286,2263.714286
660.093831,2259.285714,2259.285714,2259.285714,2259.285714
660.535567,2266.428571,2266.428571,2266.428571,2266.428571
660.977283,2263.000000,2263.000000,2263.000000,2263.000000
661.418979,2264.285714,2264.285714,2264.285714,2264.285714
661.860656,2274.428571,2274.428571,2274.428571,2274.428571
662.302314,2274.428571,2274.428571,2274.428571,2274.428571
662.743952,2271.142857,2271.142857,2271.142857,2271.142857
663.185571,2278.571429,2278.571429,2278.571429,2278.571429
663.627170,2271.285714,2271.285714,2271.285714,2271.285714
664.068749,2268.428571,2268.428571,2268.428571,2268.428571
664.510310,2269.285714,2269.285714,2269.285714,2269.285714
664.951850,2265.142857,2265.142857,2265.142857,2265.142857
665.393372,2268.285714,2268.285714,2268.285714,2268.285714
665.834873,2268.000000,2268.000000,2268.000000,2268.000000
666.276355,2268.571429,2268.571429,2268.571429,2268.571429
666.717818,2277.000000,2277.000000,2277.000000,2277.000000
667.159261,2280.285714,2280.285714,2280.285714,2280.285714
667.600685,2286.428571,2286.428571,2286.428571,2286.428571
668.042089,2289.428571,2289.428571,2289.428571,2289.428571
668.483473,2290.571429,2290.571429,2290.571429,2290.571429
668.924838,2290.571429,2290.571429,2290.571429,2290.571429
669.366183,2288.000000,2288.000000,2288.000000,2288.000000
669.807509,2293.857143,2293.857143,2293.857143,2293.857143
670.248815,2299.714286,2299.714286,2299.714286,2299.714286
670.690101,2296.000000,2296.000000,2296.000000,2296.000000
671.131368,2293.428571,2293.428571,2293.428571,2293.428571
671.572615,2277.857143,2277.857143,2277.857143,2277.857143
672.013843,2277.285714,2277.285714,2277.285714,2277.285714
672.455051,2283.571429,2283.571429,2283.571429,2283.571429
672.896239,2276.571429,2276.571429,2276.571429,2276.571429
673.337407,2273.571429,2273.571429,2273.571429,2273.571429
673.778556,2264.000000,2264.000000,2264.000000,2264.000000
674.219685,2264.857143,2264.857143,2264.857143,2264.857143
674.660795,2279.428571,2279.428571,2279.428571,2279.428571
675.101885,2282.571429,2282.571429,2282.571429,2282.571429
675.542955,2275.714286,2275.714286,2275.714286,2275.714286
675.984005,2270.428571,2270.428571,2270.428571,2270.428571
676.425036,2269.714286,2269.714286,2269.714286,2269.714286
676.866047,2276.428571,2276.428571,2276.428571,2276.428571
677.307038,2273.428571,2273.428571,2273.428571,2273.428571
677.748009,2273.714286,2273.714286,2273.714286,2273.714286
678.188961,2265.285714,2265.285714,2265.285714,2265.285714
678.629893,2271.714286,2271.714286,2271.714286,2271.714286
679.070805,2271.571429,2271.571429,2271.571429,2271.571429
679.511697,2269.714286,2269.714286,2269.714286,2269.714286
679.952570,2266.714286,2266.714286,2266.714286,2266.714286
680.393422,2269.000000,2269.000000,2269.000000,2269.000000
680.834255,2256.571429,2256.571429,2256.571429,2256.571429
681.275068,2264.857143,2264.857143,2264.857143,2264.857143
681.715861,2262.857143,2262.857143,2262.857143,2262.857143
682.156635,2269.428571,2269.428571,2269.428571,2269.428571
682.597388,2273.714286,2273.714286,2273.714286,2273.714286
683.038122,2277.857143,2277.857143,2277.857143,2277.857143
683.478836,2283.142857,2283.142857,2283.142857,2283.142857
683.919529,2292.142857,2292.142857,2292.142857,2292.142857
684.360203,2294.000000,2294.000000,2294.000000,2294.000000
684.800858,2300.428571,2300.428571,2300.428571,2300.428571
685.241492,2296.714286,2296.714286,2296.714286,2296.714286
685.682106,2291.714286,2291.714286,2291.714286,2291.714286
686.122700,2292.142857,2292.142857,2292.142857,2292.142857
686.563275,2288.000000,2288.000000,2288.000000,2288.000000
687.003829,2294.285714,2294.285714,2294.285714,2294.285714
687.444364,2297.285714,2297.285714,2297.285714,2297.285714
687.884878,2295.857143,2295.857143,2295.857143,2295.857143
688.325373,2313.571429,2313.571429,2313.571429,2313.571429
688.765848,2332.000000,2332.000000,2332.000000,2332.000000
689.206302,2350.285714,2350.285714,2350.285714,2350.285714
689.646737,2367.142857,2367.142857,2367.142857,2367.142857
690.087152,2382.428571,2382.428571,2382.428571,2382.428571
690.527546,2392.428571,2392.428571,2392.428571,2392.428571
690.967921,2402.857143,2402.857143,2402.857143,2402.857143
691.408275,2404.285714,2404.285714,2404.285714,2404.285714
691.848610,2413.000000,2413.000000,2413.000000,2413.000000
692.288925,2428.428571,2428.428571,2428.428571,2428.428571
692.729219,2456.571429,2456.571429,2456.571429,2456.571429
693.169493,2497.857143,2497.857143,2497.857143,2497.857143
693.609748,2556.000000,2556.000000,2556.000000,2556.000000
694.049982,2616.857143,2616.857143,2616.857143,2616.857143
694.490196,2685.714286,2685.714286,2685.714286,2685.714286
694.930390,2741.000000,2741.000000,2741.000000,2741.000000
695.370564,2780.714286,2780.714286,2780.714286,2780.714286
695.810718,2802.428571,2802.428571,2802.428571,2802.428571
696.250852,2797.714286,2797.714286,2797.714286,2797.714286
696.690965,2765.857143,2765.857143,2765.857143,2765.857143
697.131059,2717.857143,2717.857143,2717.857143,2717.857143
697.571132,2659.714286,2659.714286,2659.714286,2659.714286
698.011185,2610.571429,2610.571429,2610.571429,2610.571429
698.451218,2561.714286,2561.714286,2561.714286,2561.714286
698.891231,2519.714286,2519.714286,2519.714286,2519.714286
699.331223,2489.142857,2489.142857,2489.142857,2489.142857
699.771196,2463.714286,2463.714286,2463.714286,2463.714286
700.211148,2456.000000,2456.000000,2456.000000,2456.000000
700.651080,2443.285714,2443.285714,2443.285714,2443.285714
701.090991,2428.857143,2428.857143,2428.857143,2428.857143
701.530883,2423.571429,2423.571429,2423.571429,2423.571429
701.970754,2419.428571,2419.428571,2419.428571,2419.428571
702.410605,2414.428571,2414.428571,2414.428571,2414.428571
702.850436,2419.000000,2419.000000,2419.000000,2419.000000
703.290247,2419.142857,2419.142857,2419.142857,2419.142857
703.730037,2431.285714,2431.285714,2431.285714,2431.285714
704.169807,2448.571429,2448.571429,2448.571429,2448.571429
704.609556,2453.142857,2453.142857,2453.142857,2453.142857
705.049286,2467.428571,2467.428571,2467.428571,2467.428571
705.488995,2478.571429,2478.571429,2478.571429,2478.571429
705.928683,2483.714286,2483.714286,2483.714286,2483.714286
706.368352,2483.857143,2483.857143,2483.857143,2483.857143
706.808000,2473.000000,2473.000000,2473.000000,2473.000000
707.247628,2454.714286,2454.714286,2454.714286,2454.714286
707.687235,2448.285714,2448.285714,2448.285714,2448.285714
708.126822,2415.428571,2415.428571,2415.428571,2415.428571
708.566388,2394.428571,2394.428571,2394.428571,2394.428571
709.005935,2376.428571,2376.428571,2376.428571,2376.428571
709.445461,2372.428571,2372.428571,2372.428571,2372.428571
709.884966,2360.428571,2360.428571,2360.428571,2360.428571
710.324451,2359.142857,2359.142857,2359.142857,2359.142857
710.763916,2353.571429,2353.571429,2353.571429,2353.571429
711.203360,2364.857143,2364.857143,2364.857143,2364.857143
711.642784,2366.285714,2366.285714,2366.285714,2366.285714
712.082187,2364.857143,2364.857143,2364.857143,2364.857143
712.521570,2351.000000,2351.000000,2351.000000,2351.000000
712.960932,2349.571429,2349.571429,2349.571429,2349.571429
713.400274,2329.571429,2329.571429,2329.571429,2329.571429
713.839596,2324.571429,2324.571429,2324.571429,2324.571429
714.278897,2315.571429,2315.571429,2315.571429,2315.571429
714.718177,2306.000000,2306.000000,2306.000000,2306.000000
715.157437,2303.000000,2303.000000,2303.000000,2303.000000
715.596676,2305.857143,2305.857143,2305.857143,2305.857143
716.035895,2300.857143,2300.857143,2300.857143,2300.857143
716.475094,2307.428571,2307.428571,2307.428571,2307.428571
716.914272,2302.857143,2302.857143,2302.857143,2302.857143
717.353429,2283.714286,2283.714286,2283.714286,2283.714286
717.792566,2278.857143,2278.857143,2278.857143,2278.857143
718.231682,2289.571429,2289.571429,2289.571429,2289.571429
718.670778,2285.142857,2285.142857,2285.142857,2285.142857
719.109853,2284.857143,2284.857143,2284.857143,2284.857143
719.548907,2284.428571,2284.428571,2284.428571,2284.428571
719.987941,2279.428571,2279.428571,2279.428571,2279.428571
720.426954,2289.571429,2289.571429,2289.571429,2289.571429
720.865947,2295.142857,2295.142857,2295.142857,2295.142857
721.304919,2281.285714,2281.285714,2281.285714,2281.285714
721.743870,2277.714286,2277.714286,2277.714286,2277.714286
722.182801,2281.428571,2281.428571,2281.428571,2281.428571
722.621711,2287.714286,2287.714286,2287.714286,2287.714286
723.060600,2296.571429,2296.571429,2296.571429,2296.571429
723.499469,2312.000000,2312.000000,2312.000000,2312.000000
723.938317,2321.571429,2321.571429,2321.571429,2321.571429
724.377145,2338.857143,2338.857143,2338.857143,2338.857143
724.815951,2360.285714,2360.285714,2360.285714,2360.285714
725.254737,2376.428571,2376.428571,2376.428571,2376.428571
725.693502,2391.571429,2391.571429,2391.571429,2391.571429
726.132247,2401.428571,2401.428571,2401.428571,2401.428571
726.570971,2406.571429,2406.571429,2406.571429,2406.571429
727.009674,2409.857143,2409.857143,2409.857143,2409.857143
727.448356,2400.142857,2400.142857,2400.142857,2400.142857
727.887018,2388.285714,2388.285714,2388.285714,2388.285714
728.325658,2371.571429,2371.571429,2371.571429,2371.571429
728.764278,2350.428571,2350.428571,2350.428571,2350.428571
729.202877,2327.000000,2327.000000,2327.000000,2327.000000
729.641456,2308.428571,2308.428571,2308.428571,2308.428571
730.080013,2294.571429,2294.571429,2294.571429,2294.571429
730.518550,2286.857143,2286.857143,2286.857143,2286.857143
730.957066,2280.000000,2280.000000,2280.000000,2280.000000
731.395561,2278.000000,2278.000000,2278.000000,2278.000000
731.834036,2267.571429,2267.571429,2267.571429,2267.571429
732.272489,2276.285714,2276.285714,2276.285714,2276.285714
732.710922,2281.571429,2281.571429,2281.571429,2281.571429
733.149333,2285.285714,2285.285714,2285.285714,2285.285714
733.587724,2286.000000,2286.000000,2286.000000,2286.000000
734.026094,2292.142857,2292.142857,2292.142857,2292.142857
734.464443,2301.571429,2301.571429,2301.571429,2301.571429
734.902772,2331.000000,2331.000000,2331.000000,2331.000000
735.341079,2358.571429,2358.571429,2358.571429,2358.571429
735.779365,2391.571429,2391.571429,2391.571429,2391.571429
736.217631,2419.428571,2419.428571,2419.428571,2419.428571
736.655875,2457.000000,2457.000000,2457.000000,2457.000000
737.094099,2489.142857,2489.142857,2489.142857,2489.142857
737.532301,2516.428571,2516.428571,2516.428571,2516.428571
737.970483,2529.571429,2529.571429,2529.571429,2529.571429
738.408644,2526.142857,2526.142857,2526.142857,2526.142857
738.846783,2512.285714,2512.285714,2512.285714,2512.285714
739.284902,2493.285714,2493.285714,2493.285714,2493.285714
739.723000,2460.857143,2460.857143,2460.857143,2460.857143
740.161076,2429.142857,2429.142857,2429.142857,2429.142857
740.599132,2395.142857,2395.142857,2395.142857,2395.142857
741.037167,2363.571429,2363.571429,2363.571429,2363.571429
741.475180,2343.714286,2343.714286,2343.714286,2343.714286
741.913173,2324.714286,2324.714286,2324.714286,2324.714286
742.351144,2306.571429,2306.571429,2306.571429,2306.571429
742.789095,2300.428571,2300.428571,2300.428571,2300.428571
743.227024,2296.142857,2296.142857,2296.142857,2296.142857
743.664933,2294.714286,2294.714286,2294.714286,2294.714286
744.102820,2294.714286,2294.714286,2294.714286,2294.714286
744.540686,2286.000000,2286.000000,2286.000000,2286.000000
744.978531,2264.857143,2264.857143,2264.857143,2264.857143
745.416355,2285.857143,2285.857143,2285.857143,2285.857143
745.854158,2311.142857,2311.142857,2311.142857,2311.142857
746.291939,2355.714286,2355.714286,2355.714286,2355.714286
746.729700,2417.714286,2417.714286,2417.714286,2417.714286
747.167439,2505.428571,2505.428571,2505.428571,2505.428571
747.605158,2627.000000,2627.000000,2627.000000,2627.000000
748.042855,2790.285714,2790.285714,2790.285714,2790.285714
748.480531,2938.857143,2938.857143,2938.857143,2938.857143
748.918185,3081.571429,3081.571429,3081.571429,3081.571429
749.355819,3202.571429,3202.571429,3202.571429,3202.571429
749.793431,3302.428571,3302.428571,3302.428571,3302.428571
750.231022,3356.857143,3356.857143,3356.857143,3356.857143
750.668592,3352.000000,3352.000000,3352.000000,3352.000000
751.106141,3297.857143,3297.857143,3297.857143,3297.857143
751.543668,3196.285714,3196.285714,3196.285714,3196.285714
751.981175,3069.142857,3069.142857,3069.142857,3069.142857
752.418660,2933.714286,2933.714286,2933.714286,2933.714286
752.856123,2797.571429,2797.571429,2797.571429,2797.571429
753.293566,2667.142857,2667.142857,2667.142857,2667.142857
753.730987,2569.285714,2569.285714,2569.285714,2569.285714
754.168387,2493.714286,2493.714286,2493.714286,2493.714286
754.605765,2452.857143,2452.857143,2452.857143,2452.857143
755.043122,2428.428571,2428.428571,2428.428571,2428.428571
755.480458,2405.857143,2405.857143,2405.857143,2405.857143
755.917773,2388.714286,2388.714286,2388.714286,2388.714286
756.355066,2389.428571,2389.428571,2389.428571,2389.428571
756.792338,2378.142857,2378.142857,2378.142857,2378.142857
757.229589,2372.571429,2372.571429,2372.571429,2372.571429
757.666818,2360.142857,2360.142857,2360.142857,2360.142857
758.104026,2359.285714,2359.285714,2359.285714,2359.285714
758.541212,2377.571429,2377.571429,2377.571429,2377.571429
758.978378,2429.571429,2429.571429,2429.571429,2429.571429
759.415521,2507.142857,2507.142857,2507.142857,2507.142857
759.852644,2631.428571,2631.428571,2631.428571,2631.428571
760.289745,2791.571429,2791.571429,2791.571429,2791.571429
760.726824,2987.285714,2987.285714,2987.285714,2987.285714
761.163882,3227.000000,3227.000000,3227.000000,3227.000000
761.600919,3503.000000,3503.000000,3503.000000,3503.000000
762.037934,3747.714286,3747.714286,3747.714286,3747.714286
762.474928,3942.571429,3942.571429,3942.571429,3942.571429
762.911900,4082.714286,4082.714286,4082.714286,4082.714286
763.348851,4156.857143,4156.857143,4156.857143,4156.857143
763.785780,4139.714286,4139.714286,4139.714286,4139.714286
764.222688,4012.714286,4012.714286,4012.714286,4012.714286
764.659574,3791.857143,3791.857143,3791.857143,3791.857143
765.096439,3550.285714,3550.285714,3550.285714,3550.285714
765.533282,3310.571429,3310.571429,3310.571429,3310.571429
765.970104,3082.857143,3082.857143,3082.857143,3082.857143
766.406904,2874.142857,2874.142857,2874.142857,2874.142857
766.843683,2723.428571,2723.428571,2723.428571,2723.428571
767.280440,2634.857143,2634.857143,2634.857143,2634.857143
767.717176,2599.571429,2599.571429,2599.571429,2599.571429
768.153890,2595.142857,2595.142857,2595.142857,2595.142857
768.590582,2626.714286,2626.714286,2626.714286,2626.714286
769.027253,2683.714286,2683.714286,2683.714286,2683.714286
769.463902,2774.857143,2774.857143,2774.857143,2774.857143
769.900530,2888.142857,2888.142857,2888.142857,2888.142857
770.337136,3011.714286,3011.714286,3011.714286,3011.714286
770.773720,3149.428571,3149.428571,3149.428571,3149.428571
771.210283,3261.571429,3261.571429,3261.571429,3261.571429
771.646824,3353.428571,3353.428571,3353.428571,3353.428571
772.083344,3410.285714,3410.285714,3410.285714,3410.285714
772.519841,3412.142857,3412.142857,3412.142857,3412.142857
772.956317,3359.285714,3359.285714,3359.285714,3359.285714
773.392772,3265.571429,3265.571429,3265.571429,3265.571429
773.829205,3122.714286,3122.714286,3122.714286,3122.714286
774.265616,2983.428571,2983.428571,2983.428571,2983.428571
774.702005,2837.857143,2837.857143,2837.857143,2837.857143
775.138373,2702.857143,2702.857143,2702.857143,2702.857143
775.574719,2599.428571,2599.428571,2599.428571,2599.428571
776.011043,2520.857143,2520.857143,2520.857143,2520.857143
776.447346,2465.571429,2465.571429,2465.571429,2465.571429
776.883627,2432.714286,2432.714286,2432.714286,2432.714286
777.319886,2404.714286,2404.714286,2404.714286,2404.714286
777.756123,2391.571429,2391.571429,2391.571429,2391.571429
778.192338,2376.857143,2376.857143,2376.857143,2376.857143
778.628532,2358.000000,2358.000000,2358.000000,2358.000000
779.064704,2345.857143,2345.857143,2345.857143,2345.857143
779.500854,2334.428571,2334.428571,2334.428571,2334.428571
779.936982,2328.714286,2328.714286,2328.714286,2328.714286
780.373089,2322.142857,2322.142857,2322.142857,2322.142857
780.809173,2307.857143,2307.857143,2307.857143,2307.857143
781.245236,2305.285714,2305.285714,2305.285714,2305.285714
781.681277,2305.571429,2305.571429,2305.571429,2305.571429
782.117296,2297.857143,2297.857143,2297.857143,2297.857143
782.553294,2288.857143,2288.857143,2288.857143,2288.857143
782.989269,2285.142857,2285.142857,2285.142857,2285.142857
783.425223,2286.714286,2286.714286,2286.714286,2286.714286
783.861154,2291.142857,2291.142857,2291.142857,2291.142857
784.297064,2285.857143,2285.857143,2285.857143,2285.857143
784.732952,2281.428571,2281.428571,2281.428571,2281.428571
785.168818,2280.142857,2280.142857,2280.142857,2280.142857
785.604662,2285.714286,2285.714286,2285.714286,2285.714286
786.040484,2280.000000,2280.000000,2280.000000,2280.000000
786.476284,2271.142857,2271.142857,2271.142857,2271.142857
786.912062,2270.857143,2270.857143,2270.857143,2270.857143
787.347818,2271.571429,2271.571429,2271.571429,2271.571429
787.783553,2266.000000,2266.000000,2266.000000,2266.000000
788.219265,2266.000000,2266.000000,2266.000000,2266.000000
788.654955,2263.000000,2263.000000,2263.000000,2263.000000
789.090624,2267.714286,2267.714286,2267.714286,2267.714286
789.526270,2274.571429,2274.571429,2274.571429,2274.571429
789.961894,2277.285714,2277.285714,2277.285714,2277.285714
790.397497,2291.000000,2291.000000,2291.000000,2291.000000
790.833077,2309.571429,2309.571429,2309.571429,2309.571429
791.268635,2335.285714,2335.285714,2335.285714,2335.285714
791.704171,2371.000000,2371.000000,2371.000000,2371.000000
792.139685,2412.571429,2412.571429,2412.571429,2412.571429
792.575177,2464.000000,2464.000000,2464.000000,2464.000000
793.010647,2521.571429,2521.571429,2521.571429,2521.571429
793.446095,2570.428571,2570.428571,2570.428571,2570.428571
793.881521,2621.142857,2621.142857,2621.142857,2621.142857
794.316925,2654.571429,2654.571429,2654.571429,2654.571429
794.752307,2682.285714,2682.285714,2682.285714,2682.285714
795.187666,2696.285714,2696.285714,2696.285714,2696.285714
795.623003,2685.285714,2685.285714,2685.285714,2685.285714
796.058319,2658.000000,2658.000000,2658.000000,2658.000000
796.493612,2629.857143,2629.857143,2629.857143,2629.857143
796.928883,2602.285714,2602.285714,2602.285714,2602.285714
797.364132,2588.428571,2588.428571,2588.428571,2588.428571
797.799358,2572.142857,2572.142857,2572.142857,2572.142857
798.234563,2580.142857,2580.142857,2580.142857,2580.142857
798.669745,2617.000000,2617.000000,2617.000000,2617.000000
799.104905,2662.714286,2662.714286,2662.714286,2662.714286
799.540043,2711.571429,2711.571429,2711.571429,2711.571429
799.975159,2763.142857,2763.142857,2763.142857,2763.142857
800.410252,2811.428571,2811.428571,2811.428571,2811.428571
800.845323,2842.714286,2842.714286,2842.714286,2842.714286
801.280372,2851.571429,2851.571429,2851.571429,2851.571429
801.715399,2839.428571,2839.428571,2839.428571,2839.428571
802.150403,2810.857143,2810.857143,2810.857143,2810.857143
802.585386,2767.857143,2767.857143,2767.857143,2767.857143
803.020346,2698.857143,2698.857143,2698.857143,2698.857143
803.455283,2630.714286,2630.714286,2630.714286,2630.714286
803.890199,2574.285714,2574.285714,2574.285714,2574.285714
804.325092,2513.714286,2513.714286,2513.714286,2513.714286
804.759962,2464.428571,2464.428571,2464.428571,2464.428571
805.194811,2428.000000,2428.000000,2428.000000,2428.000000
805.629637,2411.571429,2411.571429,2411.571429,2411.571429
806.064441,2421.142857,2421.142857,2421.142857,2421.142857
806.499222,2436.571429,2436.571429,2436.571429,2436.571429
806.933981,2472.571429,2472.571429,2472.571429,2472.571429
807.368718,2541.571429,2541.571429,2541.571429,2541.571429
807.803432,2632.571429,2632.571429,2632.571429,2632.571429
808.238124,2750.142857,2750.142857,2750.142857,2750.142857
808.672794,2895.571429,2895.571429,2895.571429,2895.571429
809.107441,3050.142857,3050.142857,3050.142857,3050.142857
809.542066,3218.285714,3218.285714,3218.285714,3218.285714
809.976668,3382.571429,3382.571429,3382.571429,3382.571429
810.411248,3522.428571,3522.428571,3522.428571,3522.428571
810.845805,3631.142857,3631.142857,3631.142857,3631.142857
811.280341,3699.571429,3699.571429,3699.571429,3699.571429
811.714853,3709.142857,3709.142857,3709.142857,3709.142857
812.149343,3686.714286,3686.714286,3686.714286,3686.714286
812.583811,3597.000000,3597.000000,3597.000000,3597.000000
813.018256,3481.428571,3481.428571,3481.428571,3481.428571
813.452679,3336.857143,3336.857143,3336.857143,3336.857143
813.887079,3180.142857,3180.142857,3180.142857,3180.142857
814.321457,3016.428571,3016.428571,3016.428571,3016.428571
814.755812,2873.000000,2873.000000,2873.000000,2873.000000
815.190145,2742.000000,2742.000000,2742.000000,2742.000000
815.624455,2640.571429,2640.571429,2640.571429,2640.571429
816.058743,2553.285714,2553.285714,2553.285714,2553.285714
816.493008,2493.714286,2493.714286,2493.714286,2493.714286
816.927250,2455.428571,2455.428571,2455.428571,2455.428571
817.361470,2436.714286,2436.714286,2436.714286,2436.714286
817.795668,2418.571429,2418.571429,2418.571429,2418.571429
818.229842,2399.000000,2399.000000,2399.000000,2399.000000
818.663995,2391.428571,2391.428571,2391.428571,2391.428571
819.098124,2374.857143,2374.857143,2374.857143,2374.857143
819.532231,2366.857143,2366.857143,2366.857143,2366.857143
819.966316,2359.000000,2359.000000,2359.000000,2359.000000
820.400377,2347.571429,2347.571429,2347.571429,2347.571429
820.834416,2336.571429,2336.571429,2336.571429,2336.571429
821.268433,2338.000000,2338.000000,2338.000000,2338.000000
821.702427,2343.428571,2343.428571,2343.428571,2343.428571
822.136398,2363.000000,2363.000000,2363.000000,2363.000000
822.570346,2385.857143,2385.857143,2385.857143,2385.857143
823.004272,2411.142857,2411.142857,2411.142857,2411.142857
823.438175,2455.857143,2455.857143,2455.857143,2455.857143
823.872056,2518.571429,2518.571429,2518.571429,2518.571429
824.305914,2596.857143,2596.857143,2596.857143,2596.857143
824.739749,2671.142857,2671.142857,2671.142857,2671.142857
825.173561,2748.285714,2748.285714,2748.285714,2748.285714
825.607350,2813.571429,2813.571429,2813.571429,2813.571429
826.041117,2867.857143,2867.857143,2867.857143,2867.857143
826.474861,2904.142857,2904.142857,2904.142857,2904.142857
826.908583,2917.000000,2917.000000,2917.000000,2917.000000
827.342281,2901.571429,2901.571429,2901.571429,2901.571429
827.775957,2880.285714,2880.285714,2880.285714,2880.285714
828.209610,2841.714286,2841.714286,2841.714286,2841.714286
828.643240,2783.857143,2783.857143,2783.857143,2783.857143
829.076848,2732.857143,2732.857143,2732.857143,2732.857143
829.510432,2663.714286,2663.714286,2663.714286,2663.714286
829.943994,2606.571429,2606.571429,2606.571429,2606.571429
830.377533,2543.571429,2543.571429,2543.571429,2543.571429
830.811049,2485.428571,2485.428571,2485.428571,2485.428571
831.244542,2434.857143,2434.857143,2434.857143,2434.857143
831.678013,2401.428571,2401.428571,2401.428571,2401.428571
832.111460,2366.285714,2366.285714,2366.285714,2366.285714
832.544885,2355.857143,2355.857143,2355.857143,2355.857143
832.978287,2337.285714,2337.285714,2337.285714,2337.285714
833.411666,2325.714286,2325.714286,2325.714286,2325.714286
833.845022,2319.857143,2319.857143,2319.857143,2319.857143
834.278355,2318.285714,2318.285714,2318.285714,2318.285714
834.711665,2315.285714,2315.285714,2315.285714,2315.285714
835.144952,2318.000000,2318.000000,2318.000000,2318.000000
835.578216,2314.000000,2314.000000,2314.000000,2314.000000
836.011458,2317.142857,2317.142857,2317.142857,2317.142857
836.444676,2329.857143,2329.857143,2329.857143,2329.857143
836.877872,2345.285714,2345.285714,2345.285714,2345.285714
837.311044,2368.571429,2368.571429,2368.571429,2368.571429
837.744194,2404.571429,2404.571429,2404.571429,2404.571429
838.177320,2435.000000,2435.000000,2435.000000,2435.000000
838.610424,2495.000000,2495.000000,2495.000000,2495.000000
839.043504,2565.000000,2565.000000,2565.000000,2565.000000
839.476562,2646.857143,2646.857143,2646.857143,2646.857143
839.909596,2726.571429,2726.571429,2726.571429,2726.571429
840.342608,2805.857143,2805.857143,2805.857143,2805.857143
840.775596,2874.142857,2874.142857,2874.142857,2874.142857
841.208562,2948.000000,2948.000000,2948.000000,2948.000000
841.641504,2986.428571,2986.428571,2986.428571,2986.428571
842.074423,3014.571429,3014.571429,3014.571429,3014.571429
842.507319,3019.142857,3019.142857,3019.142857,3019.142857
842.940192,3010.428571,3010.428571,3010.428571,3010.428571
843.373042,2978.142857,2978.142857,2978.142857,2978.142857
843.805869,2946.857143,2946.857143,2946.857143,2946.857143
844.238673,2880.000000,2880.000000,2880.000000,2880.000000
844.671454,2824.857143,2824.857143,2824.857143,2824.857143
845.104211,2751.857143,2751.857143,2751.857143,2751.857143
845.536946,2682.000000,2682.000000,2682.000000,2682.000000
845.969657,2619.428571,2619.428571,2619.428571,2619.428571
846.402345,2561.714286,2561.714286,2561.714286,2561.714286
846.835010,2494.714286,2494.714286,2494.714286,2494.714286
847.267652,2467.714286,2467.714286,2467.714286,2467.714286
847.700270,2430.428571,2430.428571,2430.428571,2430.428571
848.132866,2402.857143,2402.857143,2402.857143,2402.857143
848.565438,2390.000000,2390.000000,2390.000000,2390.000000
848.997987,2380.857143,2380.857143,2380.857143,2380.857143
849.430513,2382.857143,2382.857143,2382.857143,2382.857143
849.863015,2394.142857,2394.142857,2394.142857,2394.142857
850.295495,2391.428571,2391.428571,2391.428571,2391.428571
850.727951,2405.285714,2405.285714,2405.285714,2405.285714
851.160383,2427.857143,2427.857143,2427.857143,2427.857143
851.592793,2436.000000,2436.000000,2436.000000,2436.000000
852.025179,2437.571429,2437.571429,2437.571429,2437.571429
852.457542,2438.714286,2438.714286,2438.714286,2438.714286
852.889882,2439.428571,2439.428571,2439.428571,2439.428571
853.322199,2439.285714,2439.285714,2439.285714,2439.285714
853.754492,2433.428571,2433.428571,2433.428571,2433.428571
854.186761,2422.000000,2422.000000,2422.000000,2422.000000
854.619008,2413.142857,2413.142857,2413.142857,2413.142857
855.051231,2401.000000,2401.000000,2401.000000,2401.000000
855.483431,2383.857143,2383.857143,2383.857143,2383.857143
855.915607,2364.285714,2364.285714,2364.285714,2364.285714
856.347761,2350.285714,2350.285714,2350.285714,2350.285714
856.779890,2331.571429,2331.571429,2331.571429,2331.571429
857.211997,2314.000000,2314.000000,2314.000000,2314.000000
857.644080,2288.571429,2288.571429,2288.571429,2288.571429
858.076139,2280.714286,2280.714286,2280.714286,2280.714286
858.508176,2270.285714,2270.285714,2270.285714,2270.285714
858.940188,2266.714286,2266.714286,2266.714286,2266.714286
859.372178,2262.285714,2262.285714,2262.285714,2262.285714
859.804144,2258.428571,2258.428571,2258.428571,2258.428571
860.236086,2252.285714,2252.285714,2252.285714,2252.285714
860.668005,2241.000000,2241.000000,2241.000000,2241.000000
861.099901,2237.285714,2237.285714,2237.285714,2237.285714
861.531773,2237.571429,2237.571429,2237.571429,2237.571429
861.963622,2234.428571,2234.428571,2234.428571,2234.428571
862.395447,2230.428571,2230.428571,2230.428571,2230.428571
862.827249,2229.285714,2229.285714,2229.285714,2229.285714
863.259027,2231.142857,2231.142857,2231.142857,2231.142857
863.690782,2252.428571,2252.428571,2252.428571,2252.428571
864.122513,2254.000000,2254.000000,2254.000000,2254.000000
864.554221,2253.428571,2253.428571,2253.428571,2253.428571
864.985905,2257.428571,2257.428571,2257.428571,2257.428571
865.417565,2261.285714,2261.285714,2261.285714,2261.285714
865.849202,2264.000000,2264.000000,2264.000000,2264.000000
866.280816,2266.142857,2266.142857,2266.142857,2266.142857
866.712406,2266.714286,2266.714286,2266.714286,2266.714286
867.143972,2264.428571,2264.428571,2264.428571,2264.428571
867.575515,2271.285714,2271.285714,2271.285714,2271.285714
868.007034,2266.714286,2266.714286,2266.714286,2266.714286
868.438530,2270.571429,2270.571429,2270.571429,2270.571429
868.870002,2268.000000,2268.000000,2268.000000,2268.000000
869.301450,2264.285714,2264.285714,2264.285714,2264.285714
869.732875,2262.571429,2262.571429,2262.571429,2262.571429
870.164276,2262.000000,2262.000000,2262.000000,2262.000000
870.595653,2254.714286,2254.714286,2254.714286,2254.714286
871.027007,2255.142857,2255.142857,2255.142857,2255.142857
871.458337,2249.000000,2249.000000,2249.000000,2249.000000
871.889644,2248.142857,2248.142857,2248.142857,2248.142857
872.320926,2242.714286,2242.714286,2242.714286,2242.714286
872.752185,2236.571429,2236.571429,2236.571429,2236.571429
873.183421,2227.571429,2227.571429,2227.571429,2227.571429
873.614632,2224.000000,2224.000000,2224.000000,2224.000000
874.045820,2213.857143,2213.857143,2213.857143,2213.857143
874.476984,2214.857143,2214.857143,2214.857143,2214.857143
874.908125,2212.285714,2212.285714,2212.285714,2212.285714
875.339242,2215.000000,2215.000000,2215.000000,2215.000000
875.770335,2217.428571,2217.428571,2217.428571,2217.428571
876.201404,2219.857143,2219.857143,2219.857143,2219.857143
876.632449,2227.142857,2227.142857,2227.142857,2227.142857
877.063471,2232.142857,2232.142857,2232.142857,2232.142857
877.494469,2231.000000,2231.000000,2231.000000,2231.000000
877.925443,2233.142857,2233.142857,2233.142857,2233.142857
878.356393,2236.857143,2236.857143,2236.857143,2236.857143
878.787320,2234.285714,2234.285714,2234.285714,2234.285714
879.218222,2239.571429,2239.571429,2239.571429,2239.571429
879.649101,2237.000000,2237.000000,2237.000000,2237.000000
880.079956,2241.428571,2241.428571,2241.428571,2241.428571
880.510787,2242.142857,2242.142857,2242.142857,2242.142857
880.941594,2241.142857,2241.142857,2241.142857,2241.142857
881.372378,2239.571429,2239.571429,2239.571429,2239.571429
881.803137,2238.571429,2238.571429,2238.571429,2238.571429
882.233873,2236.000000,2236.000000,2236.000000,2236.000000
882.664585,2235.000000,2235.000000,2235.000000,2235.000000
883.095272,2237.428571,2237.428571,2237.428571,2237.428571
883.525936,2233.142857,2233.142857,2233.142857,2233.142857
883.956576,2228.000000,2228.000000,2228.000000,2228.000000
884.387192,2228.428571,2228.428571,2228.428571,2228.428571
884.817785,2227.571429,2227.571429,2227.571429,2227.571429
885.248353,2223.000000,2223.000000,2223.000000,2223.000000
885.678897,2217.428571,2217.428571,2217.428571,2217.428571
886.109417,2214.571429,2214.571429,2214.571429,2214.571429
886.539913,2212.285714,2212.285714,2212.285714,2212.285714
886.970386,2221.571429,2221.571429,2221.571429,2221.571429
887.400834,2217.857143,2217.857143,2217.857143,2217.857143
887.831258,2218.857143,2218.857143,2218.857143,2218.857143
888.261659,2222.571429,2222.571429,2222.571429,2222.571429
888.692035,2226.000000,2226.000000,2226.000000,2226.000000
889.122387,2224.857143,2224.857143,2224.857143,2224.857143
889.552716,2230.428571,2230.428571,2230.428571,2230.428571
889.983020,2229.857143,2229.857143,2229.857143,2229.857143
890.413300,2233.428571,2233.428571,2233.428571,2233.428571
890.843556,2230.000000,2230.000000,2230.000000,2230.000000
891.273788,2230.285714,2230.285714,2230.285714,2230.285714
891.703996,2227.571429,2227.571429,2227.571429,2227.571429
892.134180,2224.142857,2224.142857,2224.142857,2224.142857
892.564339,2217.857143,2217.857143,2217.857143,2217.857143
892.994475,2214.428571,2214.428571,2214.428571,2214.428571
893.424587,2211.428571,2211.428571,2211.428571,2211.428571
893.854674,2212.000000,2212.000000,2212.000000,2212.000000
894.284737,2214.857143,2214.857143,2214.857143,2214.857143
894.714776,2214.285714,2214.285714,2214.285714,2214.285714
895.144791,2211.714286,2211.714286,2211.714286,2211.714286
895.574782,2216.571429,2216.571429,2216.571429,2216.571429
896.004749,2217.142857,2217.142857,2217.142857,2217.142857
896.434691,2218.571429,2218.571429,2218.571429,2218.571429
896.864610,2219.428571,2219.428571,2219.428571,2219.428571
897.294504,2213.285714,2213.285714,2213.285714,2213.285714
897.724374,2212.285714,2212.285714,2212.285714,2212.285714
898.154219,2215.428571,2215.428571,2215.428571,2215.428571
898.584041,2207.285714,2207.285714,2207.285714,2207.285714
899.013838,2203.714286,2203.714286,2203.714286,2203.714286
899.443611,2213.000000,2213.000000,2213.000000,2213.000000
899.873360,2176.000000,2176.000000,2176.000000,2176.000000
